rank,name,title,status,commits,description,last_updated,last_checked,builder,has_screenshots,has_icon,has_prompts,prompt_count,repo_url,landing_url,categories
,0x7677905b8657718042f4372b6261f2229a234cc0,0X7677905B8657718042F4372B6261F2229A234Cc0,Pending,,,,,,,,,,https://github.com/miniapp-factory/0x7677905b8657718042f4372b6261f2229a234cc0,https://0x7677905b8657718042f4372b6261f2229a234cc0.miniapp-factory.marketplace.openxai.network,
36,0xburi,0Xburi,Active,11,Check OPENX price and display local/UTC time with a quote.,2025-11-21T13:44:54Z,2025-11-24T17:13:16.323357,,Yes,Yes,Yes,5,https://github.com/miniapp-factory/0xburi,https://0xburi.miniapp-factory.marketplace.openxai.network,"Game, Social, Tracker"
34,0xdepined,0Xdepined,Active,12,DePIN Hub is a unified platform that brings together every major Decentralized Physical Infrastructure (DePIN) project in the ecosystem.,2025-11-20T20:07:05Z,2025-11-24T17:13:16.323357,,Yes,Yes,Yes,3,https://github.com/miniapp-factory/0xdepined,https://0xdepined.miniapp-factory.marketplace.openxai.network,Other
38,0xproject11,0Xproject11,Active,9,Play the classic 2048 game and stake your tokens for a 2‑year reward in this mini app.,2025-11-21T01:44:40Z,2025-11-24T17:16:50.627692,,Yes,Yes,Yes,3,https://github.com/miniapp-factory/0xproject11,https://0xproject11.miniapp-factory.marketplace.openxai.network,"Puzzle, Social"
44,111110,111110,Active,5,Spin the slots and win with colorful fruit!,2025-11-20T22:20:33Z,2025-11-24T17:16:50.627692,,Yes,Yes,Yes,1,https://github.com/miniapp-factory/111110,https://111110.miniapp-factory.marketplace.openxai.network,"Casino, Social"
51,11fdf,11Fdf,Active,4,"An app to learn languages through vocabulary, flashcards, quizzes, and progress tracking.",2025-11-20T21:10:37Z,2025-11-24T17:16:50.627692,,Yes,Yes,Yes,1,https://github.com/miniapp-factory/11fdf,https://11fdf.miniapp-factory.marketplace.openxai.network,"AI, Education, Fitness, Health, Language Learning, Quiz, Social"
52,12212f,12212F,Active,4,"Transform mundane portfolio management into an arcane ritual of numbers, charts, and random chaos.",2025-11-20T21:52:25Z,2025-11-24T17:16:50.627692,,Yes,Yes,Yes,1,https://github.com/miniapp-factory/12212f,https://12212f.miniapp-factory.marketplace.openxai.network,"Alert, Crypto, DeFi, Portfolio, Social, Trading"
53,123456,123456,Active,4,A simple app that converts temperatures between Celsius and Fahrenheit.,2025-11-21T15:26:11Z,2025-11-24T17:16:50.627692,,Yes,Yes,Yes,1,https://github.com/miniapp-factory/123456,https://123456.miniapp-factory.marketplace.openxai.network,Utility
,169aac15-0af9-4d1c-bc41-dab62c049d78,169Aac15 0Af9 4D1C Bc41 Dab62C049D78,Pending,,,,,,,,,,https://github.com/miniapp-factory/169aac15-0af9-4d1c-bc41-dab62c049d78,https://169aac15-0af9-4d1c-bc41-dab62c049d78.miniapp-factory.marketplace.openxai.network,
45,2048,2048,Active,5,Play the classic 2048 game and share your score!,2025-11-20T16:23:03Z,2025-11-24T17:16:50.627692,,Yes,Yes,Yes,1,https://github.com/miniapp-factory/2048,https://2048.miniapp-factory.marketplace.openxai.network,"Puzzle, Social"
11,2048-app,2048 App,Active,9,Play the classic 2048 game in a mini app.,2025-11-23T03:16:09Z,2025-11-24T16:32:08.439488,,Yes,Yes,Yes,3,https://github.com/miniapp-factory/2048-app,https://2048-app.miniapp-factory.marketplace.openxai.network,"Puzzle, Social"
102,220803,220803,Active,3,A simple clicker game built with Next.js and shadcn components.,2025-11-21T11:03:11Z,2025-11-24T17:16:50.627692,,Yes,Yes,Yes,1,https://github.com/miniapp-factory/220803,https://220803.miniapp-factory.marketplace.openxai.network,Game
54,2442,2442,Active,4,Play the classic 2048 game in a mini app.,2025-11-20T18:51:51Z,2025-11-24T17:16:50.627692,,Yes,Yes,Yes,1,https://github.com/miniapp-factory/2442,https://2442.miniapp-factory.marketplace.openxai.network,"Puzzle, Social"
3,2d-to-3d-printer,Snakes vs Walls,Active,88,Feed the Snake To Grow. Stay inside the Walls and Don,2025-11-21T19:59:03Z,2025-11-24T17:16:50.627692,,Yes,Yes,Yes,43,https://github.com/miniapp-factory/2d-to-3d-printer,https://2d-to-3d-printer.miniapp-factory.marketplace.openxai.network,"AI, Platformer, Social"
55,5minlearn,5Minlearn,Active,4,Generate an app logo and update the app metadata title and description.,2025-11-22T15:44:06Z,2025-11-24T17:16:50.627692,,Yes,Yes,Yes,1,https://github.com/miniapp-factory/5minlearn,https://5minlearn.miniapp-factory.marketplace.openxai.network,"Education, Generator, Language Learning"
,a355ca8b-d508-4872-b3ed-56640273a58c,A355Ca8B D508 4872 B3Ed 56640273A58C,Pending,,,,,,,,,,https://github.com/miniapp-factory/a355ca8b-d508-4872-b3ed-56640273a58c,https://a355ca8b-d508-4872-b3ed-56640273a58c.miniapp-factory.marketplace.openxai.network,
56,aapps,Aapps,Active,4,Turn everyday moments into uplifting stories with AI-powered motivational speeches.,2025-11-21T00:18:04Z,2025-11-24T17:16:50.627692,,Yes,Yes,Yes,1,https://github.com/miniapp-factory/aapps,https://aapps.miniapp-factory.marketplace.openxai.network,"AI, Game"
24,abcd,Abcd,Active,4,A demo app showcasing the Mini App Factory,2025-11-23T05:15:05Z,2025-11-24T16:32:08.439488,,Yes,Yes,Yes,1,https://github.com/miniapp-factory/abcd,https://abcd.miniapp-factory.marketplace.openxai.network,Utility
57,abeddehmet,Abeddehmet,Active,4,Spin the slot machine and win fruit prizes!,2025-11-21T04:05:08Z,2025-11-24T17:16:50.627692,,Yes,Yes,Yes,1,https://github.com/miniapp-factory/abeddehmet,https://abeddehmet.miniapp-factory.marketplace.openxai.network,"Casino, Social"
58,abhi,Abhi,Active,4,A simple to-do list application built with Next.js and shadcn components.,2025-11-20T16:43:01Z,2025-11-24T17:16:50.627692,,Yes,Yes,Yes,1,https://github.com/miniapp-factory/abhi,https://abhi.miniapp-factory.marketplace.openxai.network,Utility
59,advent-calendar,Advent Calendar,Active,4,"Christmas Advent Calendar made up of 24 numbered boxes, from December 1st to December 24th.",2025-11-20T14:59:59Z,2025-11-24T17:16:50.627692,,Yes,Yes,Yes,1,https://github.com/miniapp-factory/advent-calendar,https://advent-calendar.miniapp-factory.marketplace.openxai.network,Game
60,agro-ins,Agro Ins,Active,4,BuildPro: Construction Assistant App,2025-11-20T19:19:18Z,2025-11-24T17:16:50.627692,,Yes,Yes,Yes,1,https://github.com/miniapp-factory/agro-ins,https://agro-ins.miniapp-factory.marketplace.openxai.network,"AI, AI Chat, Chat, Platformer, Social"
61,ai-farmer,Ai Farmer,Active,4,This app shows that farmers have also come into crypto.,2025-11-22T02:42:37Z,2025-11-24T17:16:50.627692,,Yes,Yes,Yes,1,https://github.com/miniapp-factory/ai-farmer,https://ai-farmer.miniapp-factory.marketplace.openxai.network,Crypto
62,ai-girlfriend,Ai Girlfriend,Active,4,An app that lets you chat with a friendly AI girlfriend who remembers past messages.,2025-11-20T15:14:12Z,2025-11-24T17:16:50.627692,,Yes,Yes,Yes,1,https://github.com/miniapp-factory/ai-girlfriend,https://ai-girlfriend.miniapp-factory.marketplace.openxai.network,AI Chat
63,ai-logogenerator,Ai Logogenerator,Active,4,Generates logo concepts from name + style.,2025-11-22T04:00:50Z,2025-11-24T17:16:50.627692,,Yes,Yes,Yes,1,https://github.com/miniapp-factory/ai-logogenerator,https://ai-logogenerator.miniapp-factory.marketplace.openxai.network,Generator
64,ai-powered-habit-tracker,Ai Powered Habit Tracker,Active,4,"A smart, personalized self‑improvement app that helps users build consistency, stay motivated, and achieve long‑term goals through AI‑driven...",2025-11-20T14:39:38Z,2025-11-24T17:16:50.627692,,Yes,Yes,Yes,1,https://github.com/miniapp-factory/ai-powered-habit-tracker,https://ai-powered-habit-tracker.miniapp-factory.marketplace.openxai.network,"AI, Education, Finance, Fitness, Game, Health, Language Learning, Social"
,ai-riddle-rush,Ai Riddle Rush,Pending,,,,,,,,,,https://github.com/miniapp-factory/ai-riddle-rush,https://ai-riddle-rush.miniapp-factory.marketplace.openxai.network,
65,ai-story-generator,Ai Story Generator,Active,4,"A creative writing companion that instantly generates stories, plots, characters, and more using AI.",2025-11-20T14:44:25Z,2025-11-24T17:16:50.627692,,Yes,Yes,Yes,1,https://github.com/miniapp-factory/ai-story-generator,https://ai-story-generator.miniapp-factory.marketplace.openxai.network,"Education, Game, Language Learning, Social"
324,ai-taskprioritizer,Ai Taskprioritizer,Active,4,Rank tasks by urgency and importance.,2025-11-22T04:22:20Z,2025-11-24T18:16:10.824682,,Yes,Yes,Yes,1,https://github.com/miniapp-factory/ai-taskprioritizer,https://ai-taskprioritizer.miniapp-factory.marketplace.openxai.network,Utility
325,aibuddy,Aibuddy,Active,4,"AiBuddy helps users quickly generate ideas, captions, and content using AI.",2025-11-20T14:50:34Z,2025-11-24T18:16:10.824682,,Yes,Yes,Yes,1,https://github.com/miniapp-factory/aibuddy,https://aibuddy.miniapp-factory.marketplace.openxai.network,"Generator, Social"
326,aicall,Aicall,Active,4,"A mobile app for poetry lovers to read, write, and share poems with AI guidance and community interaction.",2025-11-21T00:57:47Z,2025-11-24T18:16:10.824682,,Yes,Yes,Yes,1,https://github.com/miniapp-factory/aicall,https://aicall.miniapp-factory.marketplace.openxai.network,"Generator, Social"
327,aigainzz,Aigainzz,Active,4,"An AI‑powered mobile mini app that scans your gym exercises, detects movement errors, and provides a short clip of the correct form.",2025-11-20T15:59:37Z,2025-11-24T18:16:10.824682,,Yes,Yes,Yes,1,https://github.com/miniapp-factory/aigainzz,https://aigainzz.miniapp-factory.marketplace.openxai.network,"Fitness, Health"
328,aigrandma,Aigrandma,Active,4,"A versatile mini app template built by the Mini App Factory, ready to be customized for your next project.",2025-11-22T15:47:48Z,2025-11-24T18:16:10.824682,,Yes,Yes,Yes,1,https://github.com/miniapp-factory/aigrandma,https://aigrandma.miniapp-factory.marketplace.openxai.network,Utility
272,aihug,Aihug,Active,5,A simple app that sends a comforting virtual hug.,2025-11-22T15:44:19Z,2025-11-24T18:16:10.824682,,Yes,Yes,Yes,1,https://github.com/miniapp-factory/aihug,https://aihug.miniapp-factory.marketplace.openxai.network,Utility
,aijobmatch,Aijobmatch,Pending,,,,,,,,,,https://github.com/miniapp-factory/aijobmatch,https://aijobmatch.miniapp-factory.marketplace.openxai.network,
329,aiplanner,Aiplanner,Active,4,Plan your day based on tasks you provide.,2025-11-20T16:18:10Z,2025-11-24T18:16:10.824682,,Yes,Yes,Yes,1,https://github.com/miniapp-factory/aiplanner,https://aiplanner.miniapp-factory.marketplace.openxai.network,Utility
330,airdrop,Airdrop,Active,4,Airdrop Alert is a Mini App that keeps users updated on the latest and upcoming cryptocurrency airdrops.,2025-11-20T17:09:33Z,2025-11-24T18:16:10.824682,,Yes,Yes,Yes,1,https://github.com/miniapp-factory/airdrop,https://airdrop.miniapp-factory.marketplace.openxai.network,"Airdrop, Alert, Crypto"
331,airdrop-claim-status-checker,Airdrop Claim Status Checker,Active,4,Airdrop Claim Status Checker is a Mini App that helps users track whether specific airdrops are currently claimable.,2025-11-22T13:45:30Z,2025-11-24T18:16:10.824682,,Yes,Yes,Yes,1,https://github.com/miniapp-factory/airdrop-claim-status-checker,https://airdrop-claim-status-checker.miniapp-factory.marketplace.openxai.network,Game
332,airdrop-jav,Airdrop Jav,Active,4,Collect gems by completing missions and trade them for tickets and crypto rewards.,2025-11-22T13:07:49Z,2025-11-24T18:16:10.824682,,Yes,Yes,Yes,1,https://github.com/miniapp-factory/airdrop-jav,https://airdrop-jav.miniapp-factory.marketplace.openxai.network,Casino
333,airport-simulation,Airport Simulation,Active,4,An interactive airplane simulation app built with the Mini App Factory!,2025-11-22T20:08:35Z,2025-11-24T18:17:49.287365,,Yes,Yes,Yes,1,https://github.com/miniapp-factory/airport-simulation,https://airport-simulation.miniapp-factory.marketplace.openxai.network,Utility
21,aithereumnetwork,Aithereumnetwork,Active,5,Find out which animal you are most similar to with our fun quiz!,2025-11-23T12:41:46Z,2025-11-24T16:32:08.439488,,Yes,Yes,Yes,1,https://github.com/miniapp-factory/aithereumnetwork,https://aithereumnetwork.miniapp-factory.marketplace.openxai.network,"Education, Quiz, Social"
334,aiwriter,Aiwriter,Active,4,An app that writes short paragraphs about any topic in a clear style.,2025-11-20T16:34:57Z,2025-11-24T18:17:49.287365,,Yes,Yes,Yes,1,https://github.com/miniapp-factory/aiwriter,https://aiwriter.miniapp-factory.marketplace.openxai.network,Utility
273,aiy,Aiy,Active,5,Find out which animal you are most similar to with our fun quiz!,2025-11-21T01:47:35Z,2025-11-24T18:17:49.287365,,Yes,Yes,Yes,2,https://github.com/miniapp-factory/aiy,https://aiy.miniapp-factory.marketplace.openxai.network,"Education, Quiz, Social"
335,alertwhale,Alertwhale,Active,4,An alert service for large trades and abnormal volume.,2025-11-20T18:56:04Z,2025-11-24T18:17:49.287365,,Yes,Yes,Yes,1,https://github.com/miniapp-factory/alertwhale,https://alertwhale.miniapp-factory.marketplace.openxai.network,Game
913,alfiams,Alfiams,Default,1,An AI-powered tool that helps with mini app factory app.,2025-11-23T06:58:10Z,2025-11-24T17:13:16.323357,,Yes,Yes,No,0,https://github.com/miniapp-factory/alfiams,https://alfiams.miniapp-factory.marketplace.openxai.network,AI
,ali-ai,Ali Ai,Inactive,1,Ali Ai mini app on Mini App Factory,2025-11-24T05:52:18Z,2025-11-26T13:38:44.562365,,Yes,Yes,No,0,https://github.com/miniapp-factory/ali-ai,https://ali-ai.miniapp-factory.marketplace.openxai.network,Inactive
336,alias,Alias,Active,4,"A fast‑paced, image‑based guessing game inspired by Alias, where players describe pictures to teammates while avoiding forbidden words.",2025-11-21T00:22:31Z,2025-11-24T18:17:49.287365,,Yes,Yes,Yes,1,https://github.com/miniapp-factory/alias,https://alias.miniapp-factory.marketplace.openxai.network,"Classic, Social"
274,alongdrop91,Alongdrop91,Active,5,Take the quiz to discover which animal you resemble most.,2025-11-20T16:33:22Z,2025-11-24T18:17:49.287365,,Yes,Yes,Yes,1,https://github.com/miniapp-factory/alongdrop91,https://alongdrop91.miniapp-factory.marketplace.openxai.network,"Education, Quiz, Social"
914,alpha,Alpha,Default,1,An AI-powered tool that helps with mini app factory app.,2025-11-23T14:56:26Z,2025-11-24T17:13:16.323357,,Yes,Yes,No,0,https://github.com/miniapp-factory/alpha,https://alpha.miniapp-factory.marketplace.openxai.network,AI
337,alt,Alt,Active,4,A decentralized bridge enabling asset transfers across multiple blockchains.,2025-11-22T20:54:31Z,2025-11-24T18:17:49.287365,,Yes,Yes,Yes,1,https://github.com/miniapp-factory/alt,https://alt.miniapp-factory.marketplace.openxai.network,Crypto
338,alta,Alta,Active,4,"A comprehensive platform for IDOs/ICOs featuring project vetting, user participation, staking, vesting schedules, KYC/AML, dashboards, and...",2025-11-22T21:14:03Z,2025-11-24T18:17:49.287365,,Yes,Yes,Yes,1,https://github.com/miniapp-factory/alta,https://alta.miniapp-factory.marketplace.openxai.network,"Crypto, DeFi"
339,ander,Ander,Active,4,This app showcases crypto features.,2025-11-22T03:29:17Z,2025-11-24T18:17:49.287365,,Yes,Yes,Yes,1,https://github.com/miniapp-factory/ander,https://ander.miniapp-factory.marketplace.openxai.network,Crypto
340,animesuggest,Animesuggest,Active,4,Recommend 3 anime based on your favorite genre.,2025-11-22T15:32:56Z,2025-11-24T18:17:49.287365,,Yes,Yes,Yes,1,https://github.com/miniapp-factory/animesuggest,https://animesuggest.miniapp-factory.marketplace.openxai.network,Utility
341,api04,Api04,Active,4,Play the classic 2048 game in a mini app.,2025-11-20T15:39:22Z,2025-11-24T18:19:30.143747,,Yes,Yes,Yes,1,https://github.com/miniapp-factory/api04,https://api04.miniapp-factory.marketplace.openxai.network,"Puzzle, Social"
342,apka,Apka,Active,4,"A modern, AI‑powered cryptocurrency tracking app with real‑time charts, portfolio monitoring, and community insights.",2025-11-21T00:54:18Z,2025-11-24T18:19:30.143747,,Yes,Yes,Yes,1,https://github.com/miniapp-factory/apka,https://apka.miniapp-factory.marketplace.openxai.network,"AI, Alert, Crypto, Education, Language Learning, Portfolio, Social, Tracker, Trading"
868,aplee,Aplee,Active,2,"Technical Specification (TS) – Emotional & Psychological State Tracker App
1.",2025-11-20T21:04:09Z,2025-11-24T18:19:30.143747,,Yes,Yes,Yes,1,https://github.com/miniapp-factory/aplee,https://aplee.miniapp-factory.marketplace.openxai.network,"Education, Fitness, Health, Language Learning, Platformer, Social"
343,app-factory,App Factory,Active,4,An app that helps you create other apps.,2025-11-22T20:21:37Z,2025-11-24T18:19:30.143747,,Yes,Yes,Yes,1,https://github.com/miniapp-factory/app-factory,https://app-factory.miniapp-factory.marketplace.openxai.network,Other
,apple-print,Apple Print,Pending,,,,,,,,,,https://github.com/miniapp-factory/apple-print,https://apple-print.miniapp-factory.marketplace.openxai.network,
344,appmame,Appmame,Active,4,"Track, analyze, and manage your cryptocurrency investments with real‑time data, risk metrics, and alerts.",2025-11-20T21:47:44Z,2025-11-24T18:19:30.143747,,Yes,Yes,Yes,1,https://github.com/miniapp-factory/appmame,https://appmame.miniapp-factory.marketplace.openxai.network,"AI, Platformer, Social"
345,apps,Apps,Active,4,An app for brainstorming sessions.,2025-11-20T19:36:26Z,2025-11-24T18:19:30.143747,,Yes,Yes,Yes,1,https://github.com/miniapp-factory/apps,https://apps.miniapp-factory.marketplace.openxai.network,Other
,april,April,Pending,,,,,,,,,,https://github.com/miniapp-factory/april,https://april.miniapp-factory.marketplace.openxai.network,
346,april-time,April Time,Active,4,Spin the fruits and share your wins!,2025-11-22T09:07:51Z,2025-11-24T18:19:30.143747,,Yes,Yes,Yes,1,https://github.com/miniapp-factory/april-time,https://april-time.miniapp-factory.marketplace.openxai.network,"Casino, Social"
915,april043030,April043030,Active,1,An AI-powered tool that helps with mini app factory app.,2025-11-22T08:21:20Z,2025-11-24T18:19:30.143747,,Yes,Yes,No,0,https://github.com/miniapp-factory/april043030,https://april043030.miniapp-factory.marketplace.openxai.network,AI
347,apsaa,Apsaa,Active,4,"A tool to store recipes, plan weekly meals, generate shopping lists, and search recipes by ingredients or categories.",2025-11-20T20:45:19Z,2025-11-24T18:19:30.143747,,Yes,Yes,Yes,1,https://github.com/miniapp-factory/apsaa,https://apsaa.miniapp-factory.marketplace.openxai.network,"AI, Casino, Social"
348,aptos,Aptos,Active,4,Play the classic 2048 game in a mini app.,2025-11-20T17:13:22Z,2025-11-24T18:19:30.143747,,Yes,Yes,Yes,1,https://github.com/miniapp-factory/aptos,https://aptos.miniapp-factory.marketplace.openxai.network,"Puzzle, Social"
349,aqua-fish,Aqua Fish,Active,4,A fish-themed game where fish reproduce with varying rarity and can be sold in a marketplace.,2025-11-20T14:49:54Z,2025-11-24T18:21:43.376934,,Yes,Yes,Yes,1,https://github.com/miniapp-factory/aqua-fish,https://aqua-fish.miniapp-factory.marketplace.openxai.network,Game
66,ar,Ar,Active,4,"A comprehensive dashboard for token investment, ICO details, and related information.",2025-11-23T10:33:20Z,2025-11-24T17:00:42.938691,,Yes,Yes,Yes,1,https://github.com/miniapp-factory/ar,https://ar.miniapp-factory.marketplace.openxai.network,"Crypto, Finance"
275,arbipeek,Arbipeek,Active,5,A mini app that highlights simple arbitrage opportunities between major crypto exchanges.,2025-11-20T19:04:55Z,2025-11-24T18:21:43.376934,,Yes,Yes,Yes,1,https://github.com/miniapp-factory/arbipeek,https://arbipeek.miniapp-factory.marketplace.openxai.network,"Calculator, Crypto, DeFi"
276,archer,Archer,Active,5,Find out which animal you are most similar to with our fun quiz!,2025-11-20T16:36:12Z,2025-11-24T18:21:43.376934,,Yes,Yes,Yes,1,https://github.com/miniapp-factory/archer,https://archer.miniapp-factory.marketplace.openxai.network,"Education, Quiz, Social"
916,arizronin,Arizronin,Active,1,An AI-powered tool that helps with mini app factory app.,2025-11-22T12:34:15Z,2025-11-24T18:21:43.376934,,Yes,Yes,No,0,https://github.com/miniapp-factory/arizronin,https://arizronin.miniapp-factory.marketplace.openxai.network,AI
350,aryan,Aryan,Active,4,Find out which animal you are most similar to with our fun quiz!,2025-11-20T20:28:43Z,2025-11-24T18:21:43.376934,,Yes,Yes,Yes,1,https://github.com/miniapp-factory/aryan,https://aryan.miniapp-factory.marketplace.openxai.network,"Education, Quiz, Social"
869,asevedo,Asevedo,Active,2,"Allows someone to find out which animal (cat, dog, fox, hamster, horse) they are most similar to by answering 5 multiple.",2025-11-23T00:12:56Z,2025-11-24T18:21:43.376934,,Yes,Yes,Yes,1,https://github.com/miniapp-factory/asevedo,https://asevedo.miniapp-factory.marketplace.openxai.network,"Education, Quiz, Social"
351,askmycrypto,Askmycrypto,Active,4,A bot that tweets about crypto projects.,2025-11-20T14:21:44Z,2025-11-24T21:15:24.876232,,Yes,Yes,Yes,1,https://github.com/miniapp-factory/askmycrypto,https://askmycrypto.miniapp-factory.marketplace.openxai.network,"Crypto, Social"
352,askthechef,Askthechef,Active,4,Ask for ingredients and get a dish suggestion.,2025-11-22T15:43:00Z,2025-11-24T21:15:24.876232,,Yes,Yes,Yes,1,https://github.com/miniapp-factory/askthechef,https://askthechef.miniapp-factory.marketplace.openxai.network,Utility
353,audiose,Audiose,Active,4,"A lightweight music‑sharing application that allows users to upload, share, and discover audio tracks.",2025-11-20T19:05:03Z,2025-11-24T21:18:36.188087,,Yes,Yes,Yes,1,https://github.com/miniapp-factory/audiose,https://audiose.miniapp-factory.marketplace.openxai.network,"Game, Social"
354,audiotranscript-meetingsummarizer,Audiotranscript Meetingsummarizer,Active,4,Summarizes spoken recordings or transcripts.,2025-11-22T08:37:38Z,2025-11-24T21:18:36.188087,,Yes,Yes,Yes,1,https://github.com/miniapp-factory/audiotranscript-meetingsummarizer,https://audiotranscript-meetingsummarizer.miniapp-factory.marketplace.openxai.network,Utility
355,auto-flashcardgenerator,Auto Flashcardgenerator,Active,4,Creates flashcards from text or uploaded images.,2025-11-22T02:52:09Z,2025-11-24T21:18:36.188087,,Yes,Yes,Yes,1,https://github.com/miniapp-factory/auto-flashcardgenerator,https://auto-flashcardgenerator.miniapp-factory.marketplace.openxai.network,"Education, Generator"
356,automatic-mind-mapcreator,Automatic Mind Mapcreator,Active,4,Generate concept maps from a topic.,2025-11-22T03:02:51Z,2025-11-24T21:18:36.188087,,Yes,Yes,Yes,1,https://github.com/miniapp-factory/automatic-mind-mapcreator,https://automatic-mind-mapcreator.miniapp-factory.marketplace.openxai.network,Generator
357,automatic-reportgenerator,Automatic Reportgenerator,Active,4,Summarizes business data into clean reports.,2025-11-22T04:17:07Z,2025-11-24T21:18:36.188087,,Yes,Yes,Yes,1,https://github.com/miniapp-factory/automatic-reportgenerator,https://automatic-reportgenerator.miniapp-factory.marketplace.openxai.network,Generator
,awesome,Awesome,Pending,,,,,,,,,,https://github.com/miniapp-factory/awesome,https://awesome.miniapp-factory.marketplace.openxai.network,
,awuuu,Awuuu,Inactive,4,Awuuu mini app on Mini App Factory,2025-11-24T10:34:27Z,2025-11-26T13:38:44.562365,,Yes,Yes,No,0,https://github.com/miniapp-factory/awuuu,https://awuuu.miniapp-factory.marketplace.openxai.network,Inactive
358,babysimulator,Babysimulator,Active,4,"Simulate interactions between a parent and a baby, choosing responses to guide the scenario.",2025-11-22T11:43:52Z,2025-11-24T21:18:36.188087,,Yes,Yes,Yes,1,https://github.com/miniapp-factory/babysimulator,https://babysimulator.miniapp-factory.marketplace.openxai.network,Utility
359,backtestlite,Backtestlite,Active,4,A simple web tool for testing manual trading strategies on historical data.,2025-11-20T18:57:47Z,2025-11-24T21:18:36.188087,,Yes,Yes,Yes,1,https://github.com/miniapp-factory/backtestlite,https://backtestlite.miniapp-factory.marketplace.openxai.network,"Finance, Game"
360,balloonpopper,Balloonpopper,Active,4,A fun mini app where you tap balloons to pop them while avoiding penalty balloons.,2025-11-22T08:38:47Z,2025-11-24T22:04:22.401979,,Yes,Yes,Yes,1,https://github.com/miniapp-factory/balloonpopper,https://balloonpopper.miniapp-factory.marketplace.openxai.network,Entertainment
361,bambex,Bambex,Active,4,An automated bot that trades futures on cryptocurrency markets.,2025-11-20T18:11:18Z,2025-11-24T21:18:36.188087,,Yes,Yes,Yes,1,https://github.com/miniapp-factory/bambex,https://bambex.miniapp-factory.marketplace.openxai.network,"Crypto, Trading"
362,baobab,Baobab,Active,4,An app that analyzes your mood to recommend music.,2025-11-20T18:48:42Z,2025-11-24T21:18:36.188087,,Yes,Yes,Yes,1,https://github.com/miniapp-factory/baobab,https://baobab.miniapp-factory.marketplace.openxai.network,Utility
228,base,Base,Active,7,Discover which blockchain aligns with your style by answering a quick quiz.,2025-11-21T20:21:07Z,2025-11-24T21:21:15.326751,,Yes,Yes,Yes,3,https://github.com/miniapp-factory/base,https://base.miniapp-factory.marketplace.openxai.network,"Education, Quiz, Social"
229,base-c,Base C,Active,7,Play the slot machine mini app and share your wins!,2025-11-20T17:05:26Z,2025-11-24T21:21:15.326751,,Yes,Yes,Yes,2,https://github.com/miniapp-factory/base-c,https://base-c.miniapp-factory.marketplace.openxai.network,"Casino, Social"
230,base-count-badge,Base Count Badge,Active,7,"A sleek, modern decentralized counter on Base with Farcaster integration and NFT badge gamification.",2025-11-21T08:35:23Z,2025-11-24T21:21:15.326751,,Yes,Yes,Yes,2,https://github.com/miniapp-factory/base-count-badge,https://base-count-badge.miniapp-factory.marketplace.openxai.network,Card Game
106,base-crash,Base Crash,Active,21,"Play Base Crash, a match‑3 game themed around the Base ecosystem.",2025-11-21T18:21:40Z,2025-11-24T21:21:15.326751,,Yes,Yes,Yes,7,https://github.com/miniapp-factory/base-crash,https://base-crash.miniapp-factory.marketplace.openxai.network,"Game, Social"
,base-dash,Base Dash,Pending,,,,,,,,,,https://github.com/miniapp-factory/base-dash,https://base-dash.miniapp-factory.marketplace.openxai.network,
107,base-gas,Base Gas,Active,20,"A real‑time dashboard showing Base network gas price, blob base fee, and block number.",2025-11-21T13:18:51Z,2025-11-24T21:21:15.326751,,Yes,Yes,Yes,7,https://github.com/miniapp-factory/base-gas,https://base-gas.miniapp-factory.marketplace.openxai.network,"Game, Tracker"
363,base-hamster-ceo,Base Hamster Ceo,Active,4,"Replicate Hamster Kombat on Base Chain: tap the Base logo to mine points, buy employees, earn passive income, and compete in referral leagues.",2025-11-21T16:34:28Z,2025-11-24T21:23:33.906663,,Yes,Yes,Yes,1,https://github.com/miniapp-factory/base-hamster-ceo,https://base-hamster-ceo.miniapp-factory.marketplace.openxai.network,Card Game
364,base-match,Base Match,Active,4,"Instantly analyze Base wallet holdings, NFTs, and tx history to generate brutal/hilarious crypto personality profiles.",2025-11-22T03:22:06Z,2025-11-24T21:23:33.906663,,Yes,Yes,Yes,1,https://github.com/miniapp-factory/base-match,https://base-match.miniapp-factory.marketplace.openxai.network,"AI Chat, Crypto, DeFi, Portfolio, Social"
365,base-meta,Base Meta,Active,4,"All transactions, volume, news and so many things going on Base will be available on Base-Meta. Everybody has access to it and doesn",2025-11-20T16:38:48Z,2025-11-24T21:23:33.906663,,Yes,Yes,Yes,1,https://github.com/miniapp-factory/base-meta,https://base-meta.miniapp-factory.marketplace.openxai.network,Utility
870,base-mini,Base Mini,Active,2,"Slot machine with 3 columns and 3 rows, each slot contains one fruit.",2025-11-20T17:51:06Z,2025-11-24T21:23:33.906663,,Yes,Yes,Yes,1,https://github.com/miniapp-factory/base-mini,https://base-mini.miniapp-factory.marketplace.openxai.network,"Casino, Social"
366,base-pet-game,Base Pet Game,Active,4,"A hyper‑addictive single‑page pet game where your SVG pet grows, evolves, and battles. Feed, play, breed, and share your pet’s adventures!",2025-11-21T01:50:32Z,2025-11-24T21:23:33.906663,,Yes,Yes,Yes,1,https://github.com/miniapp-factory/base-pet-game,https://base-pet-game.miniapp-factory.marketplace.openxai.network,"Game, Social"
,base-quest,Base Quest,Pending,,,,,,,,,,https://github.com/miniapp-factory/base-quest,https://base-quest.miniapp-factory.marketplace.openxai.network,
917,base-quiz,Base Quiz,Active,1,An AI-powered tool that helps with mini app factory app.,2025-11-21T17:54:30Z,2025-11-24T21:27:44.954929,,Yes,Yes,No,0,https://github.com/miniapp-factory/base-quiz,https://base-quiz.miniapp-factory.marketplace.openxai.network,AI
367,base-slots,Base Slots,Active,4,Find out how similar you are to Elon Musk with our fun quiz!,2025-11-22T16:57:28Z,2025-11-24T21:27:44.954929,,Yes,Yes,Yes,1,https://github.com/miniapp-factory/base-slots,https://base-slots.miniapp-factory.marketplace.openxai.network,"Education, Quiz, Social"
871,base-snake,Base Snake,Active,2,Mini app called “Base Snake”.,2025-11-20T14:17:28Z,2025-11-24T21:27:44.954929,,Yes,Yes,Yes,1,https://github.com/miniapp-factory/base-snake,https://base-snake.miniapp-factory.marketplace.openxai.network,"Classic, Social"
128,base-survival,Base Survival,Active,10,Guess the right block 5 times to build your score. Your best runs live on Base.,2025-11-20T18:20:51Z,2025-11-24T21:27:44.954929,,Yes,Yes,Yes,2,https://github.com/miniapp-factory/base-survival,https://base-survival.miniapp-factory.marketplace.openxai.network,Shooter
,base-tic-tac-fly,Base Tic Tac Fly,Pending,,,,,,,,,,https://github.com/miniapp-factory/base-tic-tac-fly,https://base-tic-tac-fly.miniapp-factory.marketplace.openxai.network,
368,baseapp,Baseapp,Active,4,Spin the slot machine and win fruit prizes!,2025-11-20T15:08:19Z,2025-11-24T21:27:44.954929,,Yes,Yes,Yes,1,https://github.com/miniapp-factory/baseapp,https://baseapp.miniapp-factory.marketplace.openxai.network,"Casino, Social"
872,basebuilder,Basebuilder,Active,2,"Slot machine with 3 columns and 3 rows, each slot contains one fruit.",2025-11-21T03:17:40Z,2025-11-24T21:27:44.954929,,Yes,Yes,Yes,1,https://github.com/miniapp-factory/basebuilder,https://basebuilder.miniapp-factory.marketplace.openxai.network,"Casino, Social"
16,based-endorsement,Based Endorsement,Active,7,Predict whether Bitcoin will go up today with a simple voting interface.,2025-11-23T16:15:49Z,2025-11-24T13:56:57.547145,,Yes,Yes,Yes,2,https://github.com/miniapp-factory/based-endorsement,https://based-endorsement.miniapp-factory.marketplace.openxai.network,"Card Game, Social, Tracker"
,based-restaurant,Based Restaurant,Pending,,,,,,,,,,https://github.com/miniapp-factory/based-restaurant,https://based-restaurant.miniapp-factory.marketplace.openxai.network,
369,based-secrets,Based Secrets,Active,4,"An anonymous, addictive confession and betting dApp on BASE chain.",2025-11-21T03:34:09Z,2025-11-24T21:27:44.954929,,Yes,Yes,Yes,1,https://github.com/miniapp-factory/based-secrets,https://based-secrets.miniapp-factory.marketplace.openxai.network,"Card Game, Social"
918,based-slots,Based Slots,Active,1,An AI-powered tool that helps with mini app factory app.,2025-11-22T04:58:05Z,2025-11-24T21:27:44.954929,,Yes,Yes,No,0,https://github.com/miniapp-factory/based-slots,https://based-slots.miniapp-factory.marketplace.openxai.network,AI
864,based-snake,Based Snake,Active,3,I want to create a Snake game mini-app with a simple mobile-friendly interface.,2025-11-20T18:50:21Z,2025-11-24T21:27:44.954929,,Yes,Yes,Yes,2,https://github.com/miniapp-factory/based-snake,https://based-snake.miniapp-factory.marketplace.openxai.network,Classic
,basemood,Basemood,Pending,,,,,,,,,,https://github.com/miniapp-factory/basemood,https://basemood.miniapp-factory.marketplace.openxai.network,
370,baseweb3bot,Baseweb3Bot,Active,4,"Smart Contract & Transaction Security Analyzer for Base network, powered by decentralized AI.",2025-11-22T17:29:32Z,2025-11-24T22:07:46.905384,,Yes,Yes,Yes,1,https://github.com/miniapp-factory/baseweb3bot,https://baseweb3bot.miniapp-factory.marketplace.openxai.network,"AI, Game, Social"
371,basic-investmentadvisor,Basic Investmentadvisor,Active,4,Explains investment concepts and risk levels.,2025-11-22T08:38:02Z,2025-11-24T22:07:46.905384,,Yes,Yes,Yes,1,https://github.com/miniapp-factory/basic-investmentadvisor,https://basic-investmentadvisor.miniapp-factory.marketplace.openxai.network,Finance
,basic-token-performance-chart,Basic Token Performance Chart,Pending,,,,,,,,,,https://github.com/miniapp-factory/basic-token-performance-chart,https://basic-token-performance-chart.miniapp-factory.marketplace.openxai.network,
373,basictokeninfo,Basictokeninfo,Active,4,Basic Token Info Lookup allows users to quickly view essential information about selected cryptocurrencies.,2025-11-21T11:37:00Z,2025-11-24T22:07:46.905384,,Yes,Yes,Yes,1,https://github.com/miniapp-factory/basictokeninfo,https://basictokeninfo.miniapp-factory.marketplace.openxai.network,Game
374,basisbase,Basisbase,Active,4,"A decentralized leasing and profit‑sharing protocol on Binance Chain, compliant with Islamic finance principles.",2025-11-21T21:28:35Z,2025-11-24T22:07:46.905384,,Yes,Yes,Yes,1,https://github.com/miniapp-factory/basisbase,https://basisbase.miniapp-factory.marketplace.openxai.network,"Finance, Game"
375,basketball,Basketball,Active,4,Pick teams and play exciting fantasy basketball matchups!,2025-11-22T16:44:32Z,2025-11-24T22:07:46.905384,,Yes,Yes,Yes,1,https://github.com/miniapp-factory/basketball,https://basketball.miniapp-factory.marketplace.openxai.network,Game
46,basketshooter,Basketshooter,Active,5,An app that outlines strengths and weaknesses from public data.,2025-11-23T02:44:57Z,2025-11-24T17:00:42.938691,,Yes,Yes,Yes,1,https://github.com/miniapp-factory/basketshooter,https://basketshooter.miniapp-factory.marketplace.openxai.network,Utility
376,batman,Batman,Active,4,Spin the slot machine and win fruit prizes!,2025-11-22T19:59:04Z,2025-11-24T22:07:46.905384,,Yes,Yes,Yes,1,https://github.com/miniapp-factory/batman,https://batman.miniapp-factory.marketplace.openxai.network,"Casino, Social"
,bato-bato-pick,Bato Bato Pick,Pending,,,,,,,,,,https://github.com/miniapp-factory/bato-bato-pick,https://bato-bato-pick.miniapp-factory.marketplace.openxai.network,
873,bb-vine,Bb Vine,Active,2,"Allows someone to find out which animal (cat, dog, fox, hamster, horse) they are most similar to by answering 5 multiple.",2025-11-21T05:05:58Z,2025-11-24T22:07:46.905384,,Yes,Yes,Yes,1,https://github.com/miniapp-factory/bb-vine,https://bb-vine.miniapp-factory.marketplace.openxai.network,"Education, Quiz, Social"
377,bdba,Bdba,Active,4,Play 2048 in the Mini App Factory!,2025-11-20T17:02:02Z,2025-11-24T22:07:46.905384,,Yes,Yes,Yes,1,https://github.com/miniapp-factory/bdba,https://bdba.miniapp-factory.marketplace.openxai.network,"Puzzle, Social"
277,bembi,Bembi,Active,5,Play the classic 2048 game in this mini app.,2025-11-21T10:58:29Z,2025-11-24T22:07:46.905384,,Yes,Yes,Yes,1,https://github.com/miniapp-factory/bembi,https://bembi.miniapp-factory.marketplace.openxai.network,"Puzzle, Social"
378,bercerk,Bercerk,Active,4,"An AI-powered system that detects early‑stage market narratives, identifies coordinated manipulation attempts, and predicts narrative‑driven price...",2025-11-20T18:08:07Z,2025-11-24T22:07:46.905384,,Yes,Yes,Yes,1,https://github.com/miniapp-factory/bercerk,https://bercerk.miniapp-factory.marketplace.openxai.network,"AI, Education, Language Learning, Platformer, Social"
379,berri,Berri,Active,4,Track your mood and journal your thoughts with ease.,2025-11-20T21:14:59Z,2025-11-24T22:07:46.905384,,Yes,Yes,Yes,1,https://github.com/miniapp-factory/berri,https://berri.miniapp-factory.marketplace.openxai.network,"Fitness, Health, Platformer, Social, Tracker"
380,beta,Beta,Active,4,"A simple learning app where users can study short lessons, watch examples, take quizzes, and track their progress.",2025-11-20T18:09:11Z,2025-11-24T22:07:46.905384,,Yes,Yes,Yes,1,https://github.com/miniapp-factory/beta,https://beta.miniapp-factory.marketplace.openxai.network,"Education, Language Learning"
381,bfdhd,Bfdhd,Active,4,Discover which animal you are most like with our fun quiz!,2025-11-20T16:51:19Z,2025-11-24T22:07:46.905384,,Yes,Yes,Yes,1,https://github.com/miniapp-factory/bfdhd,https://bfdhd.miniapp-factory.marketplace.openxai.network,"Education, Quiz, Social"
919,bhimteck,Bhimteck,Active,1,An AI-powered tool that helps with mini app factory app.,2025-11-20T16:06:49Z,2025-11-24T22:07:46.905384,,Yes,Yes,No,0,https://github.com/miniapp-factory/bhimteck,https://bhimteck.miniapp-factory.marketplace.openxai.network,AI
920,bhupendra00,Bhupendra00,Active,1,An AI-powered tool that helps with mini app factory app.,2025-11-20T17:55:38Z,2025-11-24T22:07:46.905384,,Yes,Yes,No,0,https://github.com/miniapp-factory/bhupendra00,https://bhupendra00.miniapp-factory.marketplace.openxai.network,AI
382,bibi,Bibi,Active,4,An app that provides information about various diseases.,2025-11-20T20:13:04Z,2025-11-24T22:09:02.677004,,Yes,Yes,Yes,1,https://github.com/miniapp-factory/bibi,https://bibi.miniapp-factory.marketplace.openxai.network,Utility
383,bibl,Bibl,Active,4,A simple app to read and study Bible verses.,2025-11-21T04:20:04Z,2025-11-24T22:09:02.677004,,Yes,Yes,Yes,1,https://github.com/miniapp-factory/bibl,https://bibl.miniapp-factory.marketplace.openxai.network,Education
384,bible-app,Bible App,Active,4,"A web application providing multiple Bible translations, search, commentary, and historical context.",2025-11-20T19:01:44Z,2025-11-24T22:09:02.677004,,Yes,Yes,Yes,1,https://github.com/miniapp-factory/bible-app,https://bible-app.miniapp-factory.marketplace.openxai.network,"Education, Language Learning, Platformer, Social"
385,billionaireadvice,Billionaireadvice,Active,4,Get advice from a billionaire mentor.,2025-11-22T15:32:18Z,2025-11-24T22:09:02.677004,,Yes,Yes,Yes,1,https://github.com/miniapp-factory/billionaireadvice,https://billionaireadvice.miniapp-factory.marketplace.openxai.network,Utility
110,billionzeon-app,Billionzeon App,Active,18,"Racing arcade game on mobile. Drift, earn REP and CASH, unlock cars and skins.",2025-11-23T01:31:04Z,2025-11-24T22:09:02.677004,,Yes,Yes,Yes,7,https://github.com/miniapp-factory/billionzeon-app,https://billionzeon-app.miniapp-factory.marketplace.openxai.network,"Casino, Social"
386,binyxt,Binyxt,Active,4,Spin the fruits and win big with the Fruit Slot Machine!,2025-11-21T11:14:42Z,2025-11-24T22:09:02.677004,,Yes,Yes,Yes,1,https://github.com/miniapp-factory/binyxt,https://binyxt.miniapp-factory.marketplace.openxai.network,"Casino, Social"
,biology-quiz-app,Biology Quiz App,Pending,,,,,,,,,,https://github.com/miniapp-factory/biology-quiz-app,https://biology-quiz-app.miniapp-factory.marketplace.openxai.network,
874,birthday-reminder-app,Birthday Reminder App,Active,2,Birthday reminder app.,2025-11-20T19:40:56Z,2025-11-24T22:09:02.677004,,Yes,Yes,Yes,1,https://github.com/miniapp-factory/birthday-reminder-app,https://birthday-reminder-app.miniapp-factory.marketplace.openxai.network,Other
921,bitcoin-app,Bitcoin App,Active,1,An AI-powered tool that helps with mini app factory app.,2025-11-20T15:55:45Z,2025-11-24T22:09:02.677004,,Yes,Yes,No,0,https://github.com/miniapp-factory/bitcoin-app,https://bitcoin-app.miniapp-factory.marketplace.openxai.network,"AI, Crypto"
,black-hole,Black Hole,Pending,,,,,,,,,,https://github.com/miniapp-factory/black-hole,https://black-hole.miniapp-factory.marketplace.openxai.network,
,black-swan,Black Swan,Pending,,,,,,,,,,https://github.com/miniapp-factory/black-swan,https://black-swan.miniapp-factory.marketplace.openxai.network,
,blackhole-portal,Blackhole Portal,Pending,,,,,,,,,,https://github.com/miniapp-factory/blackhole-portal,https://blackhole-portal.miniapp-factory.marketplace.openxai.network,
387,blackmagic,Blackmagic,Active,4,"An app to capture, organize, and inspire creative ideas across projects, hobbies, and more.",2025-11-20T21:18:29Z,2025-11-24T22:09:02.677004,,Yes,Yes,Yes,1,https://github.com/miniapp-factory/blackmagic,https://blackmagic.miniapp-factory.marketplace.openxai.network,"AI, Platformer, Social"
388,blockchain-gas-predictor,Blockchain Gas Predictor,Active,4,Blockchain Gas Predictor is a Mini App that forecasts future gas fees across multiple blockchains.,2025-11-22T09:29:13Z,2025-11-24T23:14:32.222489,,Yes,Yes,Yes,1,https://github.com/miniapp-factory/blockchain-gas-predictor,https://blockchain-gas-predictor.miniapp-factory.marketplace.openxai.network,"Finance, Game"
875,blog-pr-writing-assistan,Blog Pr Writing Assistan,Active,2,"Suggests titles, outlines, and full content.",2025-11-22T03:52:27Z,2025-11-24T23:14:32.222489,,Yes,Yes,Yes,1,https://github.com/miniapp-factory/blog-pr-writing-assistan,https://blog-pr-writing-assistan.miniapp-factory.marketplace.openxai.network,Utility
389,boban,Boban,Active,4,Take the quiz to discover which animal you resemble most and share your result!,2025-11-22T15:53:04Z,2025-11-24T23:14:32.222489,,Yes,Yes,Yes,1,https://github.com/miniapp-factory/boban,https://boban.miniapp-factory.marketplace.openxai.network,"Education, Quiz, Social"
278,bobo,Bobo,Active,5,"Color Match Tap is a fast-paced reaction game where colored circles appear on the screen, and you must quickly tap only the circles that match the...",2025-11-20T18:47:20Z,2025-11-24T23:14:32.222489,,Yes,Yes,Yes,1,https://github.com/miniapp-factory/bobo,https://bobo.miniapp-factory.marketplace.openxai.network,Game
390,bobreku,Bobreku,Active,4,Discover which animal you are most similar to by answering a few fun questions!,2025-11-20T16:03:32Z,2025-11-24T23:14:32.222489,,Yes,Yes,Yes,1,https://github.com/miniapp-factory/bobreku,https://bobreku.miniapp-factory.marketplace.openxai.network,"Education, Quiz, Social"
391,bogoblog,Bogoblog,Active,4,"Explore, learn, and engage with Christianity through interactive features, Bible translations, devotionals, quizzes, and AI-powered suggestions.",2025-11-21T00:18:55Z,2025-11-24T23:14:32.222489,,Yes,Yes,Yes,1,https://github.com/miniapp-factory/bogoblog,https://bogoblog.miniapp-factory.marketplace.openxai.network,"AI, Education, Fitness, Health, Language Learning, Quiz, Social"
876,bokies,Bokies,Active,2,Ollaborative Writing App (Books & Poetry) Create a detailed concept and technical specification for a collaborative writing app where multiple.,2025-11-20T23:18:12Z,2025-11-24T23:14:32.222489,,Yes,Yes,Yes,1,https://github.com/miniapp-factory/bokies,https://bokies.miniapp-factory.marketplace.openxai.network,"AI Chat, Generator, Social"
67,bombdiffuse,Bombdiffuse,Active,4,Generate scripts for TikTok and Reels with ease.,2025-11-23T03:07:16Z,2025-11-24T17:00:42.938691,,Yes,Yes,Yes,1,https://github.com/miniapp-factory/bombdiffuse,https://bombdiffuse.miniapp-factory.marketplace.openxai.network,Generator
,bonfire,Bonfire,Inactive,6,Bonfire mini app on Mini App Factory,2025-11-25T13:43:00Z,2025-11-26T13:38:44.562365,,Yes,Yes,No,0,https://github.com/miniapp-factory/bonfire,https://bonfire.miniapp-factory.marketplace.openxai.network,Inactive
392,boomber,Boomber,Active,4,"Avoid The Bomb is a fast-paced reflex tapping game where coins and bombs fall from the top of the screen, and your goal is to tap only the coins...",2025-11-20T18:35:28Z,2025-11-24T23:14:32.222489,,Yes,Yes,Yes,1,https://github.com/miniapp-factory/boomber,https://boomber.miniapp-factory.marketplace.openxai.network,"Education, Game, Language Learning"
393,boss,Boss,Active,4,A simple app that prints multiplication tables for any number entered by the user.,2025-11-21T16:10:41Z,2025-11-24T23:14:32.222489,,Yes,Yes,Yes,1,https://github.com/miniapp-factory/boss,https://boss.miniapp-factory.marketplace.openxai.network,Utility
922,boss-raid-base,Boss Raid Base,Active,1,An AI-powered tool that helps with mini app factory app.,2025-11-22T06:10:50Z,2025-11-24T23:14:32.222489,,Yes,Yes,No,0,https://github.com/miniapp-factory/boss-raid-base,https://boss-raid-base.miniapp-factory.marketplace.openxai.network,AI
923,bossluth-app,Bossluth App,Active,1,An AI-powered tool that helps with mini app factory app.,2025-11-22T08:07:30Z,2025-11-24T23:14:32.222489,,Yes,Yes,No,0,https://github.com/miniapp-factory/bossluth-app,https://bossluth-app.miniapp-factory.marketplace.openxai.network,AI
279,bounce,Bounce,Active,5,Find out which animal you are most similar to with our fun quiz!,2025-11-20T15:48:53Z,2025-11-24T23:14:32.222489,,Yes,Yes,Yes,1,https://github.com/miniapp-factory/bounce,https://bounce.miniapp-factory.marketplace.openxai.network,"Education, Quiz, Social"
129,bouncy-banana,Bouncy Banana,Active,10,A physics-based launcher game where you bounce a banana into a barrel. Play on Warpcast!,2025-11-22T14:10:10Z,2025-11-24T23:14:32.222489,,Yes,Yes,Yes,3,https://github.com/miniapp-factory/bouncy-banana,https://bouncy-banana.miniapp-factory.marketplace.openxai.network,"Platformer, Social"
,bounty-go,Bounty Go,Inactive,8,SearchReplaceNoExactMatch: This SEARCH block failed to exactly match lines in mini-app/components/falling-sand.tsx,2025-11-25T11:09:36Z,2025-11-26T13:38:44.562365,,Yes,Yes,Yes,21,https://github.com/miniapp-factory/bounty-go,https://bounty-go.miniapp-factory.marketplace.openxai.network,Inactive
394,boxer,Boxer,Active,4,Play 2048 in the Mini App Factory,2025-11-21T11:08:35Z,2025-11-25T12:10:55.411235,,Yes,Yes,Yes,1,https://github.com/miniapp-factory/boxer,https://boxer.miniapp-factory.marketplace.openxai.network,"Puzzle, Social"
,brain-box,Brain Box,Inactive,5,Brain Box mini app on Mini App Factory,2025-11-24T11:32:44Z,2025-11-26T13:38:44.562365,,Yes,Yes,No,0,https://github.com/miniapp-factory/brain-box,https://brain-box.miniapp-factory.marketplace.openxai.network,Inactive
395,brainteaser,Brainteaser,Active,4,Test your brain with a puzzle that reveals the answer after 5 seconds.,2025-11-22T15:36:29Z,2025-11-24T23:14:32.222489,,Yes,Yes,Yes,1,https://github.com/miniapp-factory/brainteaser,https://brainteaser.miniapp-factory.marketplace.openxai.network,Puzzle
68,brickbreakermini,Brickbreakermini,Active,4,This app generates layouts based on user information.,2025-11-23T02:23:08Z,2025-11-24T17:00:42.938691,,Yes,Yes,Yes,1,https://github.com/miniapp-factory/brickbreakermini,https://brickbreakermini.miniapp-factory.marketplace.openxai.network,Generator
37,brilliant,Brilliant,Active,10,Learn science through progressively harder interactive quizzes.,2025-11-23T04:11:03Z,2025-11-24T17:00:42.938691,,Yes,Yes,Yes,3,https://github.com/miniapp-factory/brilliant,https://brilliant.miniapp-factory.marketplace.openxai.network,"Education, Language Learning"
396,btc,Btc,Active,4,A simple calculator app built with Mini App Factory.,2025-11-20T18:15:40Z,2025-11-24T23:14:32.222489,,Yes,Yes,Yes,1,https://github.com/miniapp-factory/btc,https://btc.miniapp-factory.marketplace.openxai.network,Utility
877,btcelon,Btcelon,Active,2,"Slot machine with 3 columns and 3 rows, each slot contains one fruit.",2025-11-20T16:11:02Z,2025-11-24T23:14:32.222489,,Yes,Yes,Yes,1,https://github.com/miniapp-factory/btcelon,https://btcelon.miniapp-factory.marketplace.openxai.network,"Casino, Social"
69,bubbleshootermini,Bubbleshootermini,Active,4,An app that suggests business concepts and models.,2025-11-23T02:47:49Z,2025-11-24T17:00:42.938691,,Yes,Yes,Yes,1,https://github.com/miniapp-factory/bubbleshootermini,https://bubbleshootermini.miniapp-factory.marketplace.openxai.network,Generator
,budget-quest,Budget Quest,Pending,,,,,,,,,,https://github.com/miniapp-factory/budget-quest,https://budget-quest.miniapp-factory.marketplace.openxai.network,
150,budget-tracker,Budget Tracker,Active,8,"A clean, minimal interface for tracking expenses, budgets, and spending insights.",2025-11-20T15:13:36Z,2025-11-24T23:14:32.222489,,Yes,Yes,Yes,2,https://github.com/miniapp-factory/budget-tracker,https://budget-tracker.miniapp-factory.marketplace.openxai.network,"Finance, Game"
280,budgetmate,Budgetmate,Active,5,Help you make better daily financial decisions.,2025-11-21T21:49:43Z,2025-11-24T23:14:32.222489,,Yes,Yes,Yes,1,https://github.com/miniapp-factory/budgetmate,https://budgetmate.miniapp-factory.marketplace.openxai.network,"Education, Entertainment, Finance, Language Learning, Quiz"
,budgetquest,Budgetquest,Pending,,,,,,,,,,https://github.com/miniapp-factory/budgetquest,https://budgetquest.miniapp-factory.marketplace.openxai.network,
,budgettrack,Budgettrack,Pending,,,,,,,,,,https://github.com/miniapp-factory/budgettrack,https://budgettrack.miniapp-factory.marketplace.openxai.network,
397,budgettracker,Budgettracker,Active,4,Track your expenses and receive personalized savings tips.,2025-11-20T16:01:40Z,2025-11-24T23:14:32.222489,,Yes,Yes,Yes,1,https://github.com/miniapp-factory/budgettracker,https://budgettracker.miniapp-factory.marketplace.openxai.network,Finance
113,bull-bear,Bull Bear,Active,16,A real‑time crypto battle where you pick BTC (bear) or ETH (bull) and earn points for correct predictions.,2025-11-21T17:42:13Z,2025-11-24T23:14:32.222489,,Yes,Yes,Yes,7,https://github.com/miniapp-factory/bull-bear,https://bull-bear.miniapp-factory.marketplace.openxai.network,Game
398,bverse,Bverse,Active,4,Find out which animal you are most similar to by answering a fun quiz!,2025-11-20T20:57:05Z,2025-11-24T23:14:32.222489,,Yes,Yes,Yes,1,https://github.com/miniapp-factory/bverse,https://bverse.miniapp-factory.marketplace.openxai.network,"Education, Quiz, Social"
,calci,Calci,Pending,,,,,,,,,,https://github.com/miniapp-factory/calci,https://calci.miniapp-factory.marketplace.openxai.network,
145,calculator,Calculator,Active,9,A responsive calculator with Standard and Scientific modes.,2025-11-21T04:50:49Z,2025-11-24T23:14:32.222489,,Yes,Yes,Yes,5,https://github.com/miniapp-factory/calculator,https://calculator.miniapp-factory.marketplace.openxai.network,Game
399,calender-app,Calender App,Active,4,A simple calendar application.,2025-11-20T18:31:04Z,2025-11-24T23:14:32.222489,,Yes,Yes,Yes,1,https://github.com/miniapp-factory/calender-app,https://calender-app.miniapp-factory.marketplace.openxai.network,Other
,calfit-checker,Calfit Checker,Pending,,,,,,,,,,https://github.com/miniapp-factory/calfit-checker,https://calfit-checker.miniapp-factory.marketplace.openxai.network,
400,callai,Callai,Active,4,"Your AI-powered personal coach for health, fitness, and wellbeing.",2025-11-20T16:49:44Z,2025-11-24T23:14:32.222489,,Yes,Yes,Yes,1,https://github.com/miniapp-factory/callai,https://callai.miniapp-factory.marketplace.openxai.network,"AI, Fitness, Game, Health"
924,cannycrush,Cannycrush,Active,1,An AI-powered tool that helps with mini app factory app.,2025-11-22T08:29:49Z,2025-11-24T23:14:32.222489,,Yes,Yes,No,0,https://github.com/miniapp-factory/cannycrush,https://cannycrush.miniapp-factory.marketplace.openxai.network,AI
,canteen-express,Canteen Express,Pending,,,,,,,,,,https://github.com/miniapp-factory/canteen-express,https://canteen-express.miniapp-factory.marketplace.openxai.network,
,capital-quest,Capital Quest,Pending,,,,,,,,,,https://github.com/miniapp-factory/capital-quest,https://capital-quest.miniapp-factory.marketplace.openxai.network,
401,capitalmatch,Capitalmatch,Active,4,Test your knowledge of world capitals.,2025-11-22T08:43:52Z,2025-11-24T23:14:32.222489,,Yes,Yes,Yes,1,https://github.com/miniapp-factory/capitalmatch,https://capitalmatch.miniapp-factory.marketplace.openxai.network,Utility
70,caravoidance,Caravoidance,Active,4,"Provides book summaries, notes, and discussion questions.",2025-11-23T02:53:03Z,2025-11-24T17:00:42.938691,,Yes,Yes,Yes,1,https://github.com/miniapp-factory/caravoidance,https://caravoidance.miniapp-factory.marketplace.openxai.network,Utility
71,cardbattlemini,Cardbattlemini,Active,4,Create engaging kids’ stories with illustrations.,2025-11-23T03:07:18Z,2025-11-24T17:00:42.938691,,Yes,Yes,Yes,1,https://github.com/miniapp-factory/cardbattlemini,https://cardbattlemini.miniapp-factory.marketplace.openxai.network,Other
247,cardiosim,Cardiosim,Active,6,"A medical education app focusing on heart anatomy, physiology, electrophysiology, arrhythmia practice, and ECG chart analysis.",2025-11-20T21:40:07Z,2025-11-24T23:14:32.222489,,Yes,Yes,Yes,2,https://github.com/miniapp-factory/cardiosim,https://cardiosim.miniapp-factory.marketplace.openxai.network,Education
402,career-guidanceassistant,Career Guidanceassistant,Active,4,Provides career path advice and required skills.,2025-11-22T03:18:06Z,2025-11-24T23:14:32.222489,,Yes,Yes,Yes,1,https://github.com/miniapp-factory/career-guidanceassistant,https://career-guidanceassistant.miniapp-factory.marketplace.openxai.network,AI
281,cargopuzzle,Cargopuzzle,Active,5,Push boxes to targets in this interactive mini app.,2025-11-22T08:46:32Z,2025-11-24T23:14:32.222489,,Yes,Yes,Yes,1,https://github.com/miniapp-factory/cargopuzzle,https://cargopuzzle.miniapp-factory.marketplace.openxai.network,Puzzle
,cashcontrol,Cashcontrol,Pending,,,,,,,,,,https://github.com/miniapp-factory/cashcontrol,https://cashcontrol.miniapp-factory.marketplace.openxai.network,
403,casidog,Casidog,Active,4,Spin the slot machine to win fruit combos and share your results!,2025-11-20T15:13:56Z,2025-11-24T23:14:32.222489,,Yes,Yes,Yes,1,https://github.com/miniapp-factory/casidog,https://casidog.miniapp-factory.marketplace.openxai.network,"Casino, Social"
,casino,Casino,Inactive,5,Casino mini app on Mini App Factory,2025-11-24T17:00:54Z,2025-11-26T13:38:44.562365,,Yes,Yes,No,0,https://github.com/miniapp-factory/casino,https://casino.miniapp-factory.marketplace.openxai.network,Inactive
878,cat-kit,Cat Kit,Active,2,"Allows someone to find out which animal (cat, dog, fox, hamster, horse) they are most similar to by answering 5 multiple.",2025-11-21T05:49:30Z,2025-11-24T23:14:32.222489,,Yes,Yes,Yes,1,https://github.com/miniapp-factory/cat-kit,https://cat-kit.miniapp-factory.marketplace.openxai.network,"Education, Quiz, Social"
,cat-petting,Cat Petting,Pending,,,,,,,,,,https://github.com/miniapp-factory/cat-petting,https://cat-petting.miniapp-factory.marketplace.openxai.network,
,cat-quiz,Cat Quiz,Pending,,,,,,,,,,https://github.com/miniapp-factory/cat-quiz,https://cat-quiz.miniapp-factory.marketplace.openxai.network,
,catch-the-letters,Catch The Letters,Pending,,,,,,,,,,https://github.com/miniapp-factory/catch-the-letters,https://catch-the-letters.miniapp-factory.marketplace.openxai.network,
404,catpics,Catpics,Active,4,Enjoy a cute cat with a funny caption!,2025-11-20T15:31:59Z,2025-11-24T23:14:32.222489,,Yes,Yes,Yes,1,https://github.com/miniapp-factory/catpics,https://catpics.miniapp-factory.marketplace.openxai.network,Generator
405,cc,Cc,Active,4,Find out which animal you are most similar to by answering a fun quiz!,2025-11-21T18:05:27Z,2025-11-24T23:14:32.222489,,Yes,Yes,Yes,1,https://github.com/miniapp-factory/cc,https://cc.miniapp-factory.marketplace.openxai.network,"Education, Quiz, Social"
879,ccc,Ccc,Active,2,"Slot machine with 3 columns and 3 rows, each slot contains one fruit.",2025-11-21T09:50:38Z,2025-11-24T23:14:32.222489,,Yes,Yes,Yes,1,https://github.com/miniapp-factory/ccc,https://ccc.miniapp-factory.marketplace.openxai.network,"Casino, Social"
2,celestial-keysmith,Celestial Keysmith,Active,9,Spin and win with fruit slots!,2025-11-23T16:28:05Z,2025-11-24T13:56:57.547145,,Yes,Yes,Yes,3,https://github.com/miniapp-factory/celestial-keysmith,https://celestial-keysmith.miniapp-factory.marketplace.openxai.network,"Casino, Social"
406,cerc,Cerc,Active,4,A simple Python program where the computer picks a random number and the user guesses it.,2025-11-21T15:32:13Z,2025-11-24T23:14:32.222489,,Yes,Yes,Yes,1,https://github.com/miniapp-factory/cerc,https://cerc.miniapp-factory.marketplace.openxai.network,Game
407,certy,Certy,Active,4,A Python script that organizes files in a folder by their file extensions.,2025-11-21T16:02:33Z,2025-11-24T23:14:32.222489,,Yes,Yes,Yes,1,https://github.com/miniapp-factory/certy,https://certy.miniapp-factory.marketplace.openxai.network,Utility
408,chacha,Chacha,Active,4,"A powerful, organized, and user-friendly notes app with advanced features such as folders, tags, reminders, voice notes, security locks, color...",2025-11-22T09:08:15Z,2025-11-24T23:14:32.222489,,Yes,Yes,Yes,1,https://github.com/miniapp-factory/chacha,https://chacha.miniapp-factory.marketplace.openxai.network,Card Game
409,charif45,Charif45,Active,4,A demo app built with the Mini App Factory.,2025-11-20T15:26:30Z,2025-11-24T23:14:32.222489,,Yes,Yes,Yes,1,https://github.com/miniapp-factory/charif45,https://charif45.miniapp-factory.marketplace.openxai.network,Other
118,chatgpt,Chatgpt,Active,4,Take the quiz to discover which animal you are most similar to!,2025-11-23T09:49:50Z,2025-11-24T17:00:42.938691,,Yes,Yes,No,0,https://github.com/miniapp-factory/chatgpt,https://chatgpt.miniapp-factory.marketplace.openxai.network,"AI, Chat"
410,chatmix,Chatmix,Active,4,"Test your knowledge of upcoming airdrops, blockchain basics, early adopter insights, and project identification.",2025-11-20T16:00:48Z,2025-11-24T23:14:32.222489,,Yes,Yes,Yes,1,https://github.com/miniapp-factory/chatmix,https://chatmix.miniapp-factory.marketplace.openxai.network,"AI Chat, Education, Quiz"
72,checkers4x4,Checkers4X4,Active,4,An app that showcases the Mini App Factory,2025-11-23T03:03:27Z,2025-11-24T17:00:42.938691,,Yes,Yes,Yes,1,https://github.com/miniapp-factory/checkers4x4,https://checkers4x4.miniapp-factory.marketplace.openxai.network,Utility
411,cheke,Cheke,Active,4,Check new cryptocurrency releases for potential scams.,2025-11-20T16:47:44Z,2025-11-24T23:14:32.222489,,Yes,Yes,Yes,1,https://github.com/miniapp-factory/cheke,https://cheke.miniapp-factory.marketplace.openxai.network,Crypto
412,cheker,Cheker,Active,4,A lightweight tool for evaluating risk in long/short trading positions.,2025-11-20T17:13:16Z,2025-11-24T23:14:32.222489,,Yes,Yes,Yes,1,https://github.com/miniapp-factory/cheker,https://cheker.miniapp-factory.marketplace.openxai.network,Platformer
413,cheko,Cheko,Active,4,"A platform for users to exchange, borrow, or lend sports equipment.",2025-11-20T20:55:52Z,2025-11-24T23:14:32.222489,,Yes,Yes,Yes,1,https://github.com/miniapp-factory/cheko,https://cheko.miniapp-factory.marketplace.openxai.network,"AI Chat, Fitness, Health, Platformer, Social"
880,chemmatch,Chemmatch,Active,2,An AI-powered tool that helps with mini app factory app.,2025-11-22T08:40:08Z,2025-11-24T23:14:32.222489,,Yes,Yes,Yes,1,https://github.com/miniapp-factory/chemmatch,https://chemmatch.miniapp-factory.marketplace.openxai.network,AI
,cherries,Cherries,Pending,,,,,,,,,,https://github.com/miniapp-factory/cherries,https://cherries.miniapp-factory.marketplace.openxai.network,
282,chess,Chess,Active,5,A simple chess game built with Next.js and shadcn components.,2025-11-22T19:40:36Z,2025-11-24T23:14:32.222489,,Yes,Yes,Yes,1,https://github.com/miniapp-factory/chess,https://chess.miniapp-factory.marketplace.openxai.network,Game
414,chesspuzzlemini,Chesspuzzlemini,Active,4,Solve a chess puzzle that delivers checkmate in one move.,2025-11-22T08:50:47Z,2025-11-24T23:14:32.222489,,Yes,Yes,Yes,1,https://github.com/miniapp-factory/chesspuzzlemini,https://chesspuzzlemini.miniapp-factory.marketplace.openxai.network,Puzzle
,chiken-race,Chiken Race,Pending,,,,,,,,,,https://github.com/miniapp-factory/chiken-race,https://chiken-race.miniapp-factory.marketplace.openxai.network,
,chromashift,Chromashift,Pending,,,,,,,,,,https://github.com/miniapp-factory/chromashift,https://chromashift.miniapp-factory.marketplace.openxai.network,
283,citybuilder5x5,Citybuilder5X5,Active,5,An app to place buildings for points.,2025-11-22T08:46:45Z,2025-11-24T23:14:32.222489,,Yes,Yes,Yes,1,https://github.com/miniapp-factory/citybuilder5x5,https://citybuilder5x5.miniapp-factory.marketplace.openxai.network,Generator
73,clawmachinemini,Clawmachinemini,Active,4,Summarize long texts and extract key points quickly.,2025-11-23T02:55:41Z,2025-11-24T17:03:11.689790,,Yes,Yes,Yes,1,https://github.com/miniapp-factory/clawmachinemini,https://clawmachinemini.miniapp-factory.marketplace.openxai.network,Other
231,clever,Clever,Active,7,Play the classic Guess the Number game. Guess a number between 1 and 100. Get hints,2025-11-22T11:10:51Z,2025-11-24T23:14:32.222489,,Yes,Yes,Yes,3,https://github.com/miniapp-factory/clever,https://clever.miniapp-factory.marketplace.openxai.network,Classic
881,click-the-color,Click The Color,Active,2,"Game Title/Concept: ""Color Rush"" – A fast-paced ""find and tap the matching colors"" game.",2025-11-22T15:18:19Z,2025-11-24T23:14:32.222489,,Yes,Yes,Yes,1,https://github.com/miniapp-factory/click-the-color,https://click-the-color.miniapp-factory.marketplace.openxai.network,Game
415,clock,Clock,Active,4,Play the classic 2048 game and share your score!,2025-11-20T18:38:31Z,2025-11-24T23:14:32.222489,,Yes,Yes,Yes,1,https://github.com/miniapp-factory/clock,https://clock.miniapp-factory.marketplace.openxai.network,"Puzzle, Social"
416,clocksetter,Clocksetter,Active,4,This app displays the current time.,2025-11-22T08:36:58Z,2025-11-24T23:14:32.222489,,Yes,Yes,Yes,1,https://github.com/miniapp-factory/clocksetter,https://clocksetter.miniapp-factory.marketplace.openxai.network,Game
417,clone-war,Clone War,Active,4,"Train AI clones, battle autonomously, and win USDC/ETH prizes on Base.",2025-11-22T09:17:41Z,2025-11-24T23:14:32.222489,,Yes,Yes,Yes,1,https://github.com/miniapp-factory/clone-war,https://clone-war.miniapp-factory.marketplace.openxai.network,"AI Chat, Game, Social"
418,clot,Clot,Active,4,An app that determines the best clothing brand based on simple criteria.,2025-11-21T07:25:04Z,2025-11-24T23:14:32.222489,,Yes,Yes,Yes,1,https://github.com/miniapp-factory/clot,https://clot.miniapp-factory.marketplace.openxai.network,Utility
,code-blaster,Code Blaster,Pending,,,,,,,,,,https://github.com/miniapp-factory/code-blaster,https://code-blaster.miniapp-factory.marketplace.openxai.network,
284,coffeshop,Coffeshop,Active,5,Find out which animal you are most similar to!,2025-11-20T18:46:56Z,2025-11-24T23:14:32.222489,,Yes,Yes,Yes,1,https://github.com/miniapp-factory/coffeshop,https://coffeshop.miniapp-factory.marketplace.openxai.network,"Education, Quiz, Social"
151,coinprice,Coinprice,Active,8,"Chainlink price feed dashboard for BTC, ETH, and SOL.",2025-11-23T00:37:53Z,2025-11-24T23:14:32.222489,,Yes,Yes,Yes,3,https://github.com/miniapp-factory/coinprice,https://coinprice.miniapp-factory.marketplace.openxai.network,"Game, Social"
419,coinsentinel,Coinsentinel,Active,4,"A news and social sentiment monitor for selected coins, providing early warnings about price‑moving events.",2025-11-20T19:10:52Z,2025-11-24T23:14:32.222489,,Yes,Yes,Yes,1,https://github.com/miniapp-factory/coinsentinel,https://coinsentinel.miniapp-factory.marketplace.openxai.network,"Game, Social"
285,color-rush,Color Rush,Active,5,Play a fast‑paced color matching game.,2025-11-22T15:52:59Z,2025-11-24T23:14:32.222489,,Yes,Yes,Yes,1,https://github.com/miniapp-factory/color-rush,https://color-rush.miniapp-factory.marketplace.openxai.network,Game
420,community-finance-tracker,Community Finance Tracker,Active,4,"A simple app where members log income and expenses, and treasurers review totals and see a clear summary of community funds.",2025-11-21T09:18:40Z,2025-11-24T23:14:32.222489,,Yes,Yes,Yes,1,https://github.com/miniapp-factory/community-finance-tracker,https://community-finance-tracker.miniapp-factory.marketplace.openxai.network,"Finance, Social"
421,community-wallet-movement-monitor,Community Wallet Movement Monitor,Active,4,"Community Wallet Movement Monitor is a Mini App that tracks official community wallets of projects—DAO treasuries, grant wallets, ecosystem...",2025-11-22T20:13:38Z,2025-11-24T23:14:32.222489,,Yes,Yes,Yes,1,https://github.com/miniapp-factory/community-wallet-movement-monitor,https://community-wallet-movement-monitor.miniapp-factory.marketplace.openxai.network,"Alert, Crypto, Portfolio, Social, Tracker"
422,complimentai,Complimentai,Active,4,A friendly app that gives compliments to users.,2025-11-20T15:30:16Z,2025-11-24T23:14:32.222489,,Yes,Yes,Yes,1,https://github.com/miniapp-factory/complimentai,https://complimentai.miniapp-factory.marketplace.openxai.network,Utility
423,contract-draftingassistant,Contract Draftingassistant,Active,4,Suggests terms for basic contract templates.,2025-11-22T08:38:17Z,2025-11-24T23:14:32.222489,,Yes,Yes,Yes,1,https://github.com/miniapp-factory/contract-draftingassistant,https://contract-draftingassistant.miniapp-factory.marketplace.openxai.network,AI
286,controlme,Controlme,Active,5,Spin the fruits and win big!,2025-11-20T16:00:47Z,2025-11-24T23:14:32.222489,,Yes,Yes,Yes,1,https://github.com/miniapp-factory/controlme,https://controlme.miniapp-factory.marketplace.openxai.network,"Casino, Social"
925,cooking-play,Cooking Play,Active,1,An AI-powered tool that helps with mini app factory app.,2025-11-22T08:21:17Z,2025-11-25T16:19:11.517391,,Yes,Yes,No,0,https://github.com/miniapp-factory/cooking-play,https://cooking-play.miniapp-factory.marketplace.openxai.network,"AI, Game"
424,coolnickname,Coolnickname,Active,4,Generate cool nicknames based on a keyword.,2025-11-22T15:49:22Z,2025-11-25T12:10:55.411235,,Yes,Yes,Yes,1,https://github.com/miniapp-factory/coolnickname,https://coolnickname.miniapp-factory.marketplace.openxai.network,Generator
425,corelation,Corelation,Active,4,Explore how crypto assets move together with a dynamic correlation heatmap.,2025-11-20T19:15:45Z,2025-11-25T12:10:55.411235,,Yes,Yes,Yes,1,https://github.com/miniapp-factory/corelation,https://corelation.miniapp-factory.marketplace.openxai.network,Game
,cosmic-insight,Cosmic Insight,Pending,,,,,,,,,,https://github.com/miniapp-factory/cosmic-insight,https://cosmic-insight.miniapp-factory.marketplace.openxai.network,
426,couw,Couw,Active,4,"An educational crypto app for beginners featuring lessons, simulations, quizzes, and gamified progress tracking.",2025-11-22T20:53:27Z,2025-11-25T12:10:55.411235,,Yes,Yes,Yes,1,https://github.com/miniapp-factory/couw,https://couw.miniapp-factory.marketplace.openxai.network,"Crypto, Education, Language Learning"
427,couww,Couww,Active,4,"Track your sleep sessions, view history, and get bedtime reminders.",2025-11-20T21:59:34Z,2025-11-25T12:10:55.411235,,Yes,Yes,Yes,1,https://github.com/miniapp-factory/couww,https://couww.miniapp-factory.marketplace.openxai.network,"Alert, Calculator, Crypto, DeFi, Fitness, Health, Tracker"
428,creatorking,Creatorking,Active,4,Spin the fruits and win!,2025-11-20T16:47:04Z,2025-11-25T12:10:55.411235,,Yes,Yes,Yes,1,https://github.com/miniapp-factory/creatorking,https://creatorking.miniapp-factory.marketplace.openxai.network,"Casino, Social"
429,crelp,Crelp,Active,4,Simulate rolling a six‑sided die and see the result.,2025-11-21T15:42:57Z,2025-11-25T12:10:55.411235,,Yes,Yes,Yes,1,https://github.com/miniapp-factory/crelp,https://crelp.miniapp-factory.marketplace.openxai.network,Utility
430,cripta,Cripta,Active,4,Analyze and buy promising cryptocurrencies with ease.,2025-11-21T05:21:59Z,2025-11-25T12:10:55.411235,,Yes,Yes,Yes,1,https://github.com/miniapp-factory/cripta,https://cripta.miniapp-factory.marketplace.openxai.network,Crypto
431,crochet-school-assistant,Crochet School Assistant,Active,4,"An interactive app that teaches crochet to users of all skill levels, providing step-by-step guidance and patterns.",2025-11-21T12:20:41Z,2025-11-25T12:10:55.411235,,Yes,Yes,Yes,1,https://github.com/miniapp-factory/crochet-school-assistant,https://crochet-school-assistant.miniapp-factory.marketplace.openxai.network,"AI, Education, Language Learning"
432,crochet-stitches,Crochet Stitches,Active,4,Play the fruit slot machine and share your wins!,2025-11-20T15:26:48Z,2025-11-25T12:10:55.411235,,Yes,Yes,Yes,1,https://github.com/miniapp-factory/crochet-stitches,https://crochet-stitches.miniapp-factory.marketplace.openxai.network,"Casino, Social"
433,cross-chain-wallet-activity-sync,Cross Chain Wallet Activity Sync,Active,4,Cross-Chain Wallet Activity Sync is a Mini App that aggregates and monitors all activity of a single wallet across multiple blockchain networks.,2025-11-22T14:36:15Z,2025-11-25T12:10:55.411235,,Yes,Yes,Yes,1,https://github.com/miniapp-factory/cross-chain-wallet-activity-sync,https://cross-chain-wallet-activity-sync.miniapp-factory.marketplace.openxai.network,"Alert, Crypto, DeFi, Portfolio, Tracker"
434,cross-chainportfolio,Cross Chainportfolio,Active,4,"Track your crypto assets across multiple blockchains in one unified dashboard, with real‑time balances, token prices, performance charts, and alerts.",2025-11-21T07:17:54Z,2025-11-25T12:10:55.411235,,Yes,Yes,Yes,1,https://github.com/miniapp-factory/cross-chainportfolio,https://cross-chainportfolio.miniapp-factory.marketplace.openxai.network,"Alert, Crypto, DeFi, Portfolio, Tracker, Trading"
435,cross-chaintokenageanalyzer,Cross Chaintokenageanalyzer,Active,4,Cross-Chain Token Age Analyzer is a Mini App that tracks how long tokens remain idle across different blockchain networks.,2025-11-22T17:34:17Z,2025-11-25T12:10:55.411235,,Yes,Yes,Yes,1,https://github.com/miniapp-factory/cross-chaintokenageanalyzer,https://cross-chaintokenageanalyzer.miniapp-factory.marketplace.openxai.network,"Alert, Crypto, Portfolio, Tracker, Trading"
436,cross-chaintracker,Cross Chaintracker,Active,4,"Cross-Chain Bridge Tracker is a Mini App that monitors activity, status, and transaction flows across major blockchain bridges.",2025-11-20T18:56:02Z,2025-11-25T12:10:55.411235,,Yes,Yes,Yes,1,https://github.com/miniapp-factory/cross-chaintracker,https://cross-chaintracker.miniapp-factory.marketplace.openxai.network,"Alert, Crypto, Fitness, Health, Tracker"
437,crypto-arbitrage-scanner,Crypto Arbitrage Scanner,Active,4,Crypto Arbitrage Scanner is a Mini App that identifies profitable arbitrage opportunities across centralized and decentralized exchanges.,2025-11-22T10:07:57Z,2025-11-25T12:10:55.411235,,Yes,Yes,Yes,1,https://github.com/miniapp-factory/crypto-arbitrage-scanner,https://crypto-arbitrage-scanner.miniapp-factory.marketplace.openxai.network,"Alert, Crypto, Tracker, Trading"
926,crypto-bazaar,Crypto Bazaar,Active,1,An AI-powered tool that helps with mini app factory app.,2025-11-21T07:22:10Z,2025-11-25T14:10:25.318523,,Yes,Yes,No,0,https://github.com/miniapp-factory/crypto-bazaar,https://crypto-bazaar.miniapp-factory.marketplace.openxai.network,"AI, Crypto"
438,crypto-blaster-2089,Crypto Blaster 2089,Active,4,A simple emoji runner game where a rocket dodges alien obstacles.,2025-11-20T15:41:17Z,2025-11-25T12:10:55.411235,,Yes,Yes,Yes,1,https://github.com/miniapp-factory/crypto-blaster-2089,https://crypto-blaster-2089.miniapp-factory.marketplace.openxai.network,Game
287,crypto-checklist-for-new-projects,Crypto Checklist For New Projects,Active,5,A simple offline tool to track evaluation points for new crypto projects.,2025-11-21T15:22:04Z,2025-11-24T23:59:24.860273,,Yes,Yes,Yes,1,https://github.com/miniapp-factory/crypto-checklist-for-new-projects,https://crypto-checklist-for-new-projects.miniapp-factory.marketplace.openxai.network,Game
439,crypto-dominance-meter,Crypto Dominance Meter,Active,4,"Crypto Dominance Meter is a Mini App that tracks the market dominance of major cryptocurrencies such as Bitcoin, Ethereum, and top altcoins.",2025-11-22T09:41:25Z,2025-11-25T12:10:55.411235,,Yes,Yes,Yes,1,https://github.com/miniapp-factory/crypto-dominance-meter,https://crypto-dominance-meter.miniapp-factory.marketplace.openxai.network,Game
440,crypto-fundingratemonitor,Crypto Fundingratemonitor,Active,4,Crypto Funding Rate Monitor is a Mini App that tracks funding rates on cryptocurrency derivatives exchanges in real time.,2025-11-22T10:00:46Z,2025-11-25T12:10:55.411235,,Yes,Yes,Yes,1,https://github.com/miniapp-factory/crypto-fundingratemonitor,https://crypto-fundingratemonitor.miniapp-factory.marketplace.openxai.network,"Alert, Crypto, Tracker, Trading"
441,crypto-goal-tracker,Crypto Goal Tracker,Active,4,A simple offline‑friendly app to set and track personal crypto goals.,2025-11-21T14:00:58Z,2025-11-25T12:10:55.411235,,Yes,Yes,Yes,1,https://github.com/miniapp-factory/crypto-goal-tracker,https://crypto-goal-tracker.miniapp-factory.marketplace.openxai.network,"Card Game, Tracker"
442,crypto-hangman,Crypto Hangman,Active,4,A simple Hangman game built as a Farcaster mini-app.,2025-11-22T17:29:56Z,2025-11-25T12:10:55.411235,,Yes,Yes,Yes,1,https://github.com/miniapp-factory/crypto-hangman,https://crypto-hangman.miniapp-factory.marketplace.openxai.network,Game
443,crypto-influencer-trading,Crypto Influencer Trading,Active,4,"Buy/sell tokenized cards of crypto Twitter influencers with real‑time price changes based on engagement, tournaments, leaderboards, and social...",2025-11-21T00:06:33Z,2025-11-25T12:10:55.411235,,Yes,Yes,Yes,1,https://github.com/miniapp-factory/crypto-influencer-trading,https://crypto-influencer-trading.miniapp-factory.marketplace.openxai.network,"Alert, Crypto, DeFi, Portfolio, Social, Trading"
444,crypto-quiz,Crypto Quiz,Active,4,Find out which animal you are most similar to by answering a fun quiz!,2025-11-20T15:48:50Z,2025-11-25T12:10:55.411235,,Yes,Yes,Yes,1,https://github.com/miniapp-factory/crypto-quiz,https://crypto-quiz.miniapp-factory.marketplace.openxai.network,"Education, Quiz, Social"
445,crypto-reminder-board,Crypto Reminder Board,Active,4,"Create a simple app where users can write, save, and manage personal crypto-related reminders.",2025-11-21T18:51:33Z,2025-11-25T12:10:55.411235,,Yes,Yes,Yes,1,https://github.com/miniapp-factory/crypto-reminder-board,https://crypto-reminder-board.miniapp-factory.marketplace.openxai.network,Game
446,crypto-secret-confess,Crypto Secret Confess,Active,4,"A dark‑mode, addictive feed where users anonymously confess crypto sins, upvote, pay USDC bounties on Base, and share to Telegram and Farcaster.",2025-11-22T02:11:33Z,2025-11-25T12:10:55.411235,,Yes,Yes,Yes,1,https://github.com/miniapp-factory/crypto-secret-confess,https://crypto-secret-confess.miniapp-factory.marketplace.openxai.network,"Game, Social"
,crypto-shooter,Crypto Shooter,Pending,,,,,,,,,,https://github.com/miniapp-factory/crypto-shooter,https://crypto-shooter.miniapp-factory.marketplace.openxai.network,
447,crypto-volatility-alert,Crypto Volatility Alert,Active,4,Crypto Volatility Alert is a Mini App that monitors price fluctuations of cryptocurrencies in real time.,2025-11-22T11:19:15Z,2025-11-25T12:10:55.411235,,Yes,Yes,Yes,1,https://github.com/miniapp-factory/crypto-volatility-alert,https://crypto-volatility-alert.miniapp-factory.marketplace.openxai.network,Game
448,crypto-watchlist,Crypto Watchlist,Active,4,"A real‑time dashboard for Ethereum, Bitcoin, Solana, and custom tokens with greed‑and‑fear index and buy/sell indicators.",2025-11-21T23:06:35Z,2025-11-25T12:10:55.411235,,Yes,Yes,Yes,1,https://github.com/miniapp-factory/crypto-watchlist,https://crypto-watchlist.miniapp-factory.marketplace.openxai.network,Crypto
449,crypto-watchlist-lite,Crypto Watchlist Lite,Active,4,A lightweight offline crypto watchlist app.,2025-11-21T14:25:45Z,2025-11-25T12:10:55.411235,,Yes,Yes,Yes,1,https://github.com/miniapp-factory/crypto-watchlist-lite,https://crypto-watchlist-lite.miniapp-factory.marketplace.openxai.network,Card Game
450,crypto-will,Crypto Will,Active,4,A smart contract that transfers your crypto to a designated wallet after a period of inactivity.,2025-11-20T22:35:40Z,2025-11-25T12:10:55.411235,,Yes,Yes,Yes,1,https://github.com/miniapp-factory/crypto-will,https://crypto-will.miniapp-factory.marketplace.openxai.network,"Crypto, Portfolio"
451,cryptoairdropchecker,Cryptoairdropchecker,Active,4,Crypto Airdrop Eligibility Checker helps users verify if their wallets are eligible for active and upcoming airdrops.,2025-11-21T09:54:45Z,2025-11-25T12:10:55.411235,,Yes,Yes,Yes,1,https://github.com/miniapp-factory/cryptoairdropchecker,https://cryptoairdropchecker.miniapp-factory.marketplace.openxai.network,Game
232,cryptoblaster-2089,Cryptoblaster 2089,Active,7,Discover your Web3 personality type with a quick quiz.,2025-11-20T14:49:26Z,2025-11-24T23:14:32.222489,,Yes,Yes,Yes,2,https://github.com/miniapp-factory/cryptoblaster-2089,https://cryptoblaster-2089.miniapp-factory.marketplace.openxai.network,"Education, Quiz, Social"
452,cryptocalculator,Cryptocalculator,Active,4,Calculate the profit or loss of your token investments.,2025-11-20T16:14:31Z,2025-11-25T12:10:55.411235,,Yes,Yes,Yes,1,https://github.com/miniapp-factory/cryptocalculator,https://cryptocalculator.miniapp-factory.marketplace.openxai.network,"Calculator, Crypto"
453,cryptocalendar,Cryptocalendar,Active,4,Crypto Event Calendar is a Mini App that helps users stay updated on important cryptocurrency events.,2025-11-20T18:58:13Z,2025-11-25T12:10:55.411235,,Yes,Yes,Yes,1,https://github.com/miniapp-factory/cryptocalendar,https://cryptocalendar.miniapp-factory.marketplace.openxai.network,"Airdrop, Alert, Crypto, Trading"
454,cryptoexplainer,Cryptoexplainer,Active,4,A simple app that explains a token in one paragraph.,2025-11-22T15:47:55Z,2025-11-25T12:10:55.411235,,Yes,Yes,Yes,1,https://github.com/miniapp-factory/cryptoexplainer,https://cryptoexplainer.miniapp-factory.marketplace.openxai.network,Crypto
455,cryptofeargreedmeter,Cryptofeargreedmeter,Active,4,Crypto Fear & Greed Meter is a Mini App that measures market sentiment in real time.,2025-11-20T19:38:57Z,2025-11-25T12:10:55.411235,,Yes,Yes,Yes,1,https://github.com/miniapp-factory/cryptofeargreedmeter,https://cryptofeargreedmeter.miniapp-factory.marketplace.openxai.network,"Alert, Crypto, Social, Tracker, Trading"
288,cryptogastracker,Cryptogastracker,Active,5,"GasPulse is a simple, real-time gas tracker that displays current gas fees on Base and Ethereum networks, with recommended fee levels and AI...",2025-11-20T14:37:00Z,2025-11-25T00:01:19.852430,,Yes,Yes,Yes,1,https://github.com/miniapp-factory/cryptogastracker,https://cryptogastracker.miniapp-factory.marketplace.openxai.network,"Game, Tracker"
15,cryptoliver,Cryptoliver,Active,8,Learn English with Duolingo‑style lessons and monetary forfeit penalties.,2025-11-23T21:41:11Z,2025-11-24T13:56:57.547145,,Yes,Yes,Yes,2,https://github.com/miniapp-factory/cryptoliver,https://cryptoliver.miniapp-factory.marketplace.openxai.network,"Education, Language Learning, Quiz"
456,cryptomarket,Cryptomarket,Active,4,Crypto Market Sentiment is a Mini App that analyzes the overall mood of the cryptocurrency market.,2025-11-20T18:36:33Z,2025-11-25T12:10:55.411235,,Yes,Yes,Yes,1,https://github.com/miniapp-factory/cryptomarket,https://cryptomarket.miniapp-factory.marketplace.openxai.network,"Game, Social"
457,cryptomarketsummary,Cryptomarketsummary,Active,4,Crypto Market Summary provides a simple overview of the cryptocurrency market each day.,2025-11-21T11:01:33Z,2025-11-25T12:10:55.411235,,Yes,Yes,Yes,1,https://github.com/miniapp-factory/cryptomarketsummary,https://cryptomarketsummary.miniapp-factory.marketplace.openxai.network,Game
248,cryptonews,Cryptonews,Active,6,An app that summarizes the latest news about tokens.,2025-11-20T15:41:39Z,2025-11-24T23:14:32.222489,,Yes,Yes,Yes,1,https://github.com/miniapp-factory/cryptonews,https://cryptonews.miniapp-factory.marketplace.openxai.network,Crypto
882,cryptoogs,Cryptoogs,Active,2,"Allows someone to find out which animal (cat, dog, fox, hamster, horse) they are most similar to by answering 5 multiple.",2025-11-21T05:11:21Z,2025-11-25T12:10:55.411235,,Yes,Yes,Yes,1,https://github.com/miniapp-factory/cryptoogs,https://cryptoogs.miniapp-factory.marketplace.openxai.network,"Education, Quiz, Social"
458,cryptoportfolio,Cryptoportfolio,Active,4,Crypto Portfolio Snapshot provides users with a real-time overview of their cryptocurrency holdings across multiple wallets and blockchains.,2025-11-21T08:56:05Z,2025-11-25T12:10:55.411235,,Yes,Yes,Yes,1,https://github.com/miniapp-factory/cryptoportfolio,https://cryptoportfolio.miniapp-factory.marketplace.openxai.network,Game
459,cryptoprice,Cryptoprice,Active,4,"Crypto Price Alert helps users track the price of their favorite cryptocurrencies in real time, set alerts for specific price levels, and view...",2025-11-21T10:13:16Z,2025-11-25T12:10:55.411235,,Yes,Yes,Yes,1,https://github.com/miniapp-factory/cryptoprice,https://cryptoprice.miniapp-factory.marketplace.openxai.network,Game
289,cryptoquiz,Cryptoquiz,Active,5,Test your crypto knowledge with quick trivia questions.,2025-11-20T16:57:17Z,2025-11-25T00:01:19.852430,,Yes,Yes,Yes,1,https://github.com/miniapp-factory/cryptoquiz,https://cryptoquiz.miniapp-factory.marketplace.openxai.network,Crypto
460,cryptoscanner,Cryptoscanner,Active,4,"AI-powered crypto tool to track token prices, analyze trends, and calculate profits. Perfect for traders and beginners alike",2025-11-20T15:07:11Z,2025-11-25T12:10:55.411235,,Yes,Yes,Yes,1,https://github.com/miniapp-factory/cryptoscanner,https://cryptoscanner.miniapp-factory.marketplace.openxai.network,"AI, Calculator, Crypto, Tracker, Trading"
461,cryptosentimentheatmap,Cryptosentimentheatmap,Active,4,Crypto Sentiment Heatmap is a Mini App that visualizes market sentiment across multiple cryptocurrencies.,2025-11-22T11:15:31Z,2025-11-25T12:10:55.411235,,Yes,Yes,Yes,1,https://github.com/miniapp-factory/cryptosentimentheatmap,https://cryptosentimentheatmap.miniapp-factory.marketplace.openxai.network,"Alert, Crypto, Social, Tracker, Trading"
462,cryptosignal,Cryptosignal,Active,4,Crypto Signals is a Mini App that provides real-time trading signals for popular cryptocurrencies.,2025-11-20T17:05:43Z,2025-11-25T12:10:55.411235,,Yes,Yes,Yes,1,https://github.com/miniapp-factory/cryptosignal,https://cryptosignal.miniapp-factory.marketplace.openxai.network,"Alert, Crypto, Tracker, Trading"
463,cryptosimple,Cryptosimple,Active,4,An app that explains tokens in simple words.,2025-11-22T15:14:10Z,2025-11-25T12:10:55.411235,,Yes,Yes,Yes,1,https://github.com/miniapp-factory/cryptosimple,https://cryptosimple.miniapp-factory.marketplace.openxai.network,Crypto
290,cryptoswap,Cryptoswap,Active,5,"A simple and fast mini-application for cryptocurrency exchange that allows users to select currencies, enter an amount, view the current rate, and...",2025-11-20T18:31:45Z,2025-11-25T00:01:19.852430,,Yes,Yes,Yes,2,https://github.com/miniapp-factory/cryptoswap,https://cryptoswap.miniapp-factory.marketplace.openxai.network,Game
464,cryptotaxhelper,Cryptotaxhelper,Active,4,"Crypto Tax Helper simplifies cryptocurrency tax reporting by tracking transactions, calculating gains and losses, and generating reports for tax...",2025-11-20T21:33:43Z,2025-11-25T12:10:55.411235,,Yes,Yes,Yes,1,https://github.com/miniapp-factory/cryptotaxhelper,https://cryptotaxhelper.miniapp-factory.marketplace.openxai.network,"Alert, Calculator, Crypto, Portfolio, Trading"
465,cryptotips,Cryptotips,Active,4,Quick crypto trading tips for beginners.,2025-11-20T16:30:14Z,2025-11-25T12:10:55.411235,,Yes,Yes,Yes,1,https://github.com/miniapp-factory/cryptotips,https://cryptotips.miniapp-factory.marketplace.openxai.network,"Crypto, Trading"
466,cryptovolatilitymeter,Cryptovolatilitymeter,Active,4,Crypto Volatility Meter provides real-time insights into price volatility of cryptocurrencies.,2025-11-20T21:52:38Z,2025-11-25T12:10:55.411235,,Yes,Yes,Yes,1,https://github.com/miniapp-factory/cryptovolatilitymeter,https://cryptovolatilitymeter.miniapp-factory.marketplace.openxai.network,Game
467,cryptowhaleinteractiontracker,Cryptowhaleinteractiontracker,Active,4,Monitors interactions between top cryptocurrency holders (“whales”) and major protocols or wallets.,2025-11-22T16:04:33Z,2025-11-25T12:10:55.411235,,Yes,Yes,Yes,1,https://github.com/miniapp-factory/cryptowhaleinteractiontracker,https://cryptowhaleinteractiontracker.miniapp-factory.marketplace.openxai.network,"Alert, Crypto, DeFi, Portfolio, Tracker, Trading"
,cups-and-ball,Cups And Ball,Pending,,,,,,,,,,https://github.com/miniapp-factory/cups-and-ball,https://cups-and-ball.miniapp-factory.marketplace.openxai.network,
468,customer-review-sentimentanalyzer,Customer Review Sentimentanalyzer,Active,4,Sorts reviews into sentiment categories and suggests responses.,2025-11-22T04:14:15Z,2025-11-25T12:10:55.411235,,Yes,Yes,Yes,1,https://github.com/miniapp-factory/customer-review-sentimentanalyzer,https://customer-review-sentimentanalyzer.miniapp-factory.marketplace.openxai.network,Utility
469,cv--resumebuilder,Cv  Resumebuilder,Active,4,Generate optimized resumes and cover letters.,2025-11-22T03:25:43Z,2025-11-25T14:10:25.318523,,Yes,Yes,Yes,1,https://github.com/miniapp-factory/cv--resumebuilder,https://cv--resumebuilder.miniapp-factory.marketplace.openxai.network,Generator
,cyber-hockey,Cyber Hockey,Pending,,,,,,,,,,https://github.com/miniapp-factory/cyber-hockey,https://cyber-hockey.miniapp-factory.marketplace.openxai.network,
470,cycl,Cycl,Active,4,Track your sleep cycles and improve your health.,2025-11-21T06:41:48Z,2025-11-25T12:12:55.855223,,Yes,Yes,Yes,1,https://github.com/miniapp-factory/cycl,https://cycl.miniapp-factory.marketplace.openxai.network,"Fitness, Health"
471,daily-fantasy-sports,Daily Fantasy Sports,Active,4,"Draft memecoins, traders, and athletes for crypto events and real sports.",2025-11-21T01:12:52Z,2025-11-25T12:13:30.098904,,Yes,Yes,Yes,1,https://github.com/miniapp-factory/daily-fantasy-sports,https://daily-fantasy-sports.miniapp-factory.marketplace.openxai.network,Game
472,daily-habittracker,Daily Habittracker,Active,4,Track your habits with reminders and progress reports.,2025-11-22T08:36:49Z,2025-11-25T12:13:30.098904,,Yes,Yes,Yes,1,https://github.com/miniapp-factory/daily-habittracker,https://daily-habittracker.miniapp-factory.marketplace.openxai.network,"Fitness, Health"
473,dailychallenge,Dailychallenge,Active,4,Get a new fun challenge every day!,2025-11-22T15:46:34Z,2025-11-25T12:14:10.825815,,Yes,Yes,Yes,1,https://github.com/miniapp-factory/dailychallenge,https://dailychallenge.miniapp-factory.marketplace.openxai.network,Entertainment
474,dailycryptosnapshot,Dailycryptosnapshot,Active,4,Daily Crypto Snapshot provides users with a quick overview of the top cryptocurrencies each day.,2025-11-21T10:21:56Z,2025-11-25T12:40:29.863359,,Yes,Yes,Yes,1,https://github.com/miniapp-factory/dailycryptosnapshot,https://dailycryptosnapshot.miniapp-factory.marketplace.openxai.network,Game
291,dailymotivation,Dailymotivation,Active,5,Receive a short motivational message to start your day.,2025-11-20T16:33:25Z,2025-11-25T00:01:19.852430,,Yes,Yes,Yes,1,https://github.com/miniapp-factory/dailymotivation,https://dailymotivation.miniapp-factory.marketplace.openxai.network,Utility
475,dailytopgainerstable,Dailytopgainerstable,Active,4,Daily Top Gainers Table shows users the cryptocurrencies with the highest price increases in the last 24 hours.,2025-11-21T11:33:21Z,2025-11-25T12:40:29.863359,,Yes,Yes,Yes,1,https://github.com/miniapp-factory/dailytopgainerstable,https://dailytopgainerstable.miniapp-factory.marketplace.openxai.network,Game
476,dailytrivia,Dailytrivia,Active,4,Ask trivia questions and reveal answers after 5 seconds.,2025-11-20T16:18:34Z,2025-11-25T12:14:10.825815,,Yes,Yes,Yes,1,https://github.com/miniapp-factory/dailytrivia,https://dailytrivia.miniapp-factory.marketplace.openxai.network,Utility
,daisyapp,Daisyapp,Pending,,,,,,,,,,https://github.com/miniapp-factory/daisyapp,https://daisyapp.miniapp-factory.marketplace.openxai.network,
477,daje-app,Daje App,Active,4,Find out which animal you are most similar to with our fun quiz!,2025-11-21T17:42:39Z,2025-11-25T12:40:29.863359,,Yes,Yes,Yes,1,https://github.com/miniapp-factory/daje-app,https://daje-app.miniapp-factory.marketplace.openxai.network,"Education, Quiz, Social"
478,daoproposal,Daoproposal,Active,4,"DAO Proposal Analyzer helps decentralized governance participants make smarter decisions by providing clear, real-time insights into active proposals.",2025-11-20T20:37:54Z,2025-11-25T12:40:29.863359,,Yes,Yes,Yes,1,https://github.com/miniapp-factory/daoproposal,https://daoproposal.miniapp-factory.marketplace.openxai.network,"Platformer, Social"
479,daovotingpower,Daovotingpower,Active,4,DAO Voting Power Calculator helps users calculate their voting weight across different DAO governance systems.,2025-11-21T06:14:20Z,2025-11-25T12:40:29.863359,,Yes,Yes,Yes,1,https://github.com/miniapp-factory/daovotingpower,https://daovotingpower.miniapp-factory.marketplace.openxai.network,"Alert, Calculator, Crypto, Portfolio"
480,daovotingreminder,Daovotingreminder,Active,4,DAO Voting Reminder is a Mini App that keeps users informed about upcoming votes and proposals in decentralized autonomous organizations (DAOs).,2025-11-22T09:49:33Z,2025-11-25T12:40:29.863359,,Yes,Yes,Yes,1,https://github.com/miniapp-factory/daovotingreminder,https://daovotingreminder.miniapp-factory.marketplace.openxai.network,"Alert, Crypto"
,dapper,Dapper,Pending,,,,,,,,,,https://github.com/miniapp-factory/dapper,https://dapper.miniapp-factory.marketplace.openxai.network,
481,datungpobre,Datungpobre,Active,4,"An app that provides AI-powered assistance for students, answering questions and helping with learning.",2025-11-22T09:08:23Z,2025-11-25T12:40:29.863359,,Yes,Yes,Yes,1,https://github.com/miniapp-factory/datungpobre,https://datungpobre.miniapp-factory.marketplace.openxai.network,"AI, AI Chat, Chat, Education, Language Learning"
10,dca-calc,Dca Calc,Active,11,Displays the USD price of a base chain token using DexScreener.,2025-11-24T17:37:20Z,2025-11-24T13:56:57.547145,,Yes,Yes,Yes,1,https://github.com/miniapp-factory/dca-calc,https://dca-calc.miniapp-factory.marketplace.openxai.network,Game
883,dca-planner-lite,Dca Planner Lite,Active,2,Create a simple app that helps users plan their Dollar-Cost Averaging (DCA) strategy.,2025-11-22T09:05:55Z,2025-11-25T12:40:29.863359,,Yes,Yes,Yes,1,https://github.com/miniapp-factory/dca-planner-lite,https://dca-planner-lite.miniapp-factory.marketplace.openxai.network,"Finance, Game"
482,dcasim,Dcasim,Active,4,Simulate and backtest Dollar Cost Averaging strategies for cryptocurrencies.,2025-11-20T19:19:12Z,2025-11-25T12:40:29.863359,,Yes,Yes,Yes,1,https://github.com/miniapp-factory/dcasim,https://dcasim.miniapp-factory.marketplace.openxai.network,"Game, Social"
483,dder,Dder,Active,4,"Generate secure random passwords with letters, numbers, and symbols.",2025-11-21T15:31:12Z,2025-11-25T12:40:29.863359,,Yes,Yes,Yes,1,https://github.com/miniapp-factory/dder,https://dder.miniapp-factory.marketplace.openxai.network,Generator
484,deddi,Deddi,Active,4,A simple Python program that converts an amount of money from one currency to another using fixed exchange rates.,2025-11-21T15:38:41Z,2025-11-25T12:40:29.863359,,Yes,Yes,Yes,1,https://github.com/miniapp-factory/deddi,https://deddi.miniapp-factory.marketplace.openxai.network,Finance
485,deep-seek,Deep Seek,Active,4,A fun game that helps people practice their calculations.,2025-11-21T13:26:48Z,2025-11-25T12:40:29.863359,,Yes,Yes,Yes,1,https://github.com/miniapp-factory/deep-seek,https://deep-seek.miniapp-factory.marketplace.openxai.network,Game
486,defi-fee-consumption-racker,Defi Fee Consumption Racker,Active,4,"Monitors which DeFi protocols generate, burn, or distribute the most fees across various networks.",2025-11-22T12:53:09Z,2025-11-25T12:43:53.170474,,Yes,Yes,Yes,1,https://github.com/miniapp-factory/defi-fee-consumption-racker,https://defi-fee-consumption-racker.miniapp-factory.marketplace.openxai.network,"Alert, Crypto, DeFi, Tracker"
487,defi-gas-efficiency-analyzer,Defi Gas Efficiency Analyzer,Active,4,DeFi Gas Efficiency Analyzer is a Mini App that monitors and analyzes gas consumption across DeFi protocols and transactions.,2025-11-22T15:51:46Z,2025-11-25T12:43:53.170474,,Yes,Yes,Yes,1,https://github.com/miniapp-factory/defi-gas-efficiency-analyzer,https://defi-gas-efficiency-analyzer.miniapp-factory.marketplace.openxai.network,"Alert, Crypto, DeFi, Tracker, Trading"
488,defi-protocols,Defi Protocols,Active,4,Learn about DeFi with this app.,2025-11-21T16:43:31Z,2025-11-25T12:43:53.170474,,Yes,Yes,Yes,1,https://github.com/miniapp-factory/defi-protocols,https://defi-protocols.miniapp-factory.marketplace.openxai.network,"Crypto, DeFi, Education, Language Learning"
489,defi-tvl-alert,Defi Tvl Alert,Active,4,DeFi TVL Alert is a Mini App that monitors Total Value Locked (TVL) across multiple DeFi protocols in real time.,2025-11-22T13:00:42Z,2025-11-25T12:43:53.170474,,Yes,Yes,Yes,1,https://github.com/miniapp-factory/defi-tvl-alert,https://defi-tvl-alert.miniapp-factory.marketplace.openxai.network,"Alert, Crypto, DeFi, Tracker"
490,defilending,Defilending,Active,4,DeFi Lending Tracker is a Mini App that monitors lending and borrowing rates across major DeFi platforms.,2025-11-20T19:13:34Z,2025-11-25T12:43:53.170474,,Yes,Yes,Yes,1,https://github.com/miniapp-factory/defilending,https://defilending.miniapp-factory.marketplace.openxai.network,"Platformer, Tracker"
491,defiliquidationwatch,Defiliquidationwatch,Active,4,DeFi Liquidation Watch is a Mini App that monitors borrowing positions across DeFi platforms to detect liquidation risks.,2025-11-22T09:53:02Z,2025-11-25T12:43:53.170474,,Yes,Yes,Yes,1,https://github.com/miniapp-factory/defiliquidationwatch,https://defiliquidationwatch.miniapp-factory.marketplace.openxai.network,"Fitness, Health, Platformer"
492,defimargincallalert,Defimargincallalert,Active,4,DeFi Margin Call Alert is a Mini App that monitors borrowing positions across DeFi lending and margin trading protocols.,2025-11-22T16:54:05Z,2025-11-25T12:43:53.170474,,Yes,Yes,Yes,1,https://github.com/miniapp-factory/defimargincallalert,https://defimargincallalert.miniapp-factory.marketplace.openxai.network,"Finance, Fitness, Health, Platformer"
493,defiriskscanner,Defiriskscanner,Active,4,DeFi Risk Scanner is a Mini App that helps users assess the safety and risk levels of decentralized finance protocols.,2025-11-20T17:46:58Z,2025-11-25T12:43:53.170474,,Yes,Yes,Yes,1,https://github.com/miniapp-factory/defiriskscanner,https://defiriskscanner.miniapp-factory.marketplace.openxai.network,"Alert, Crypto, DeFi, Finance, Tracker"
494,defiroitracker,Defiroitracker,Active,4,DeFi ROI Tracker helps investors monitor the performance and profitability of their DeFi investments in real-time.,2025-11-20T21:18:57Z,2025-11-25T12:43:53.170474,,Yes,Yes,Yes,1,https://github.com/miniapp-factory/defiroitracker,https://defiroitracker.miniapp-factory.marketplace.openxai.network,"Alert, Crypto, DeFi, Portfolio, Tracker"
495,defitracker,Defitracker,Active,4,DeFi Governance Tracker is a Mini App that allows users to monitor governance proposals and voting activity across decentralized finance protocols.,2025-11-20T18:38:36Z,2025-11-25T12:43:53.170474,,Yes,Yes,Yes,1,https://github.com/miniapp-factory/defitracker,https://defitracker.miniapp-factory.marketplace.openxai.network,"Alert, Crypto, DeFi, Finance, Social, Tracker"
496,defiyield,Defiyield,Active,4,DeFi Yield Aggregator provides users with real-time information on the best yield opportunities across multiple DeFi platforms.,2025-11-21T09:50:30Z,2025-11-25T12:43:53.170474,,Yes,Yes,Yes,1,https://github.com/miniapp-factory/defiyield,https://defiyield.miniapp-factory.marketplace.openxai.network,Platformer
497,defiyieldfinder,Defiyieldfinder,Active,4,DeFi Yield Finder is a Mini App that helps users discover the best yield opportunities across decentralized finance protocols.,2025-11-20T17:39:03Z,2025-11-25T12:43:53.170474,,Yes,Yes,Yes,1,https://github.com/miniapp-factory/defiyieldfinder,https://defiyieldfinder.miniapp-factory.marketplace.openxai.network,"Alert, Crypto, DeFi, Finance, Portfolio"
74,deligrow,Deligrow,Active,4,Una aplicación para gestionar el cultivo y la entrega de vegetales.,2025-11-24T01:43:46Z,2025-11-24T16:26:11.206743,,Yes,Yes,Yes,1,https://github.com/miniapp-factory/deligrow,https://deligrow.miniapp-factory.marketplace.openxai.network,Utility
498,demof,Demof,Active,4,"A mini app that lets users exchange, resell, or give away event tickets securely and easily.",2025-11-20T19:35:24Z,2025-11-25T12:54:00.780374,,Yes,Yes,Yes,1,https://github.com/miniapp-factory/demof,https://demof.miniapp-factory.marketplace.openxai.network,"Platformer, Social"
499,derty,Derty,Active,4,An app that calculates the average of student grades.,2025-11-21T16:35:28Z,2025-11-25T12:54:00.780374,,Yes,Yes,Yes,1,https://github.com/miniapp-factory/derty,https://derty.miniapp-factory.marketplace.openxai.network,Utility
292,destroy-machine,Destroy Machine,Active,5,Play the classic 2048 game in this mini app.,2025-11-21T11:33:04Z,2025-11-25T00:01:19.852430,,Yes,Yes,Yes,1,https://github.com/miniapp-factory/destroy-machine,https://destroy-machine.miniapp-factory.marketplace.openxai.network,"Puzzle, Social"
884,devil-app,Devil App,Active,2,"Slot machine with 3 columns and 3 rows, each slot contains one fruit.",2025-11-20T16:28:00Z,2025-11-25T12:54:00.780374,,Yes,Yes,Yes,1,https://github.com/miniapp-factory/devil-app,https://devil-app.miniapp-factory.marketplace.openxai.network,"Casino, Social"
500,dex-slippage-guard,Dex Slippage Guard,Active,4,DEX Slippage Guard is a Mini App that monitors slippage levels across decentralized exchanges in real time.,2025-11-22T12:34:26Z,2025-11-25T12:54:00.780374,,Yes,Yes,Yes,1,https://github.com/miniapp-factory/dex-slippage-guard,https://dex-slippage-guard.miniapp-factory.marketplace.openxai.network,"Alert, Crypto, Tracker, Trading"
501,dexarbitrage,Dexarbitrage,Active,4,"A Mini App that scans decentralized exchanges in real time to identify profitable arbitrage opportunities, comparing token prices across multiple...",2025-11-20T19:31:34Z,2025-11-25T12:54:00.780374,,Yes,Yes,Yes,1,https://github.com/miniapp-factory/dexarbitrage,https://dexarbitrage.miniapp-factory.marketplace.openxai.network,"Alert, Crypto, Tracker, Trading"
502,dexvolemetracker,Dexvolemetracker,Active,4,DEX Volume Tracker is a Mini App that monitors trading volumes across decentralized exchanges in real time.,2025-11-22T09:32:48Z,2025-11-25T12:54:00.780374,,Yes,Yes,Yes,1,https://github.com/miniapp-factory/dexvolemetracker,https://dexvolemetracker.miniapp-factory.marketplace.openxai.network,"Alert, Crypto, DeFi, Finance, Tracker, Trading"
503,dexvolume,Dexvolume,Active,4,"Detect sudden increases in trading volume across decentralized exchanges in real time, providing alerts and trend charts for crypto traders,...",2025-11-21T07:35:53Z,2025-11-25T12:54:00.780374,,Yes,Yes,Yes,1,https://github.com/miniapp-factory/dexvolume,https://dexvolume.miniapp-factory.marketplace.openxai.network,"Alert, Crypto, DeFi, Tracker, Trading"
,digital-pet,Digital Pet,Pending,,,,,,,,,,https://github.com/miniapp-factory/digital-pet,https://digital-pet.miniapp-factory.marketplace.openxai.network,
885,dik,Dik,Active,2,"Allows someone to find out which animal (cat, dog, fox, hamster, horse) they are most similar to by answering 5 multiple.",2025-11-20T16:52:29Z,2025-11-25T12:54:00.780374,,Yes,Yes,Yes,1,https://github.com/miniapp-factory/dik,https://dik.miniapp-factory.marketplace.openxai.network,"Education, Quiz, Social"
,dingo-fun,Dingo Fun,Pending,,,,,,,,,,https://github.com/miniapp-factory/dingo-fun,https://dingo-fun.miniapp-factory.marketplace.openxai.network,
,dino-dress,Dino Dress,Pending,,,,,,,,,,https://github.com/miniapp-factory/dino-dress,https://dino-dress.miniapp-factory.marketplace.openxai.network,
927,dm-app,Dm App,Active,1,An AI-powered tool that helps with mini app factory app.,2025-11-22T08:12:33Z,2025-11-25T12:54:00.780374,,Yes,Yes,No,0,https://github.com/miniapp-factory/dm-app,https://dm-app.miniapp-factory.marketplace.openxai.network,AI
,do-you-thing,Do You Thing,Pending,,,,,,,,,,https://github.com/miniapp-factory/do-you-thing,https://do-you-thing.miniapp-factory.marketplace.openxai.network,
504,document-assistant,Document Assistant,Active,4,"Finds, summarizes, and answers questions about documents.",2025-11-22T08:37:55Z,2025-11-25T12:54:00.780374,,Yes,Yes,Yes,1,https://github.com/miniapp-factory/document-assistant,https://document-assistant.miniapp-factory.marketplace.openxai.network,AI
233,dokken,Dokken,Active,7,Find out which animal you are most similar to with our fun quiz!,2025-11-21T04:08:02Z,2025-11-24T23:14:32.222489,,Yes,Yes,Yes,1,https://github.com/miniapp-factory/dokken,https://dokken.miniapp-factory.marketplace.openxai.network,"Education, Quiz, Social"
505,donnaapp,Donnaapp,Active,4,Play the classic 2048 game in the Mini App Factory!,2025-11-21T04:27:37Z,2025-11-25T12:54:00.780374,,Yes,Yes,Yes,1,https://github.com/miniapp-factory/donnaapp,https://donnaapp.miniapp-factory.marketplace.openxai.network,"Puzzle, Social"
928,dont-worry,Dont Worry,Active,1,An AI-powered tool that helps with mini app factory app.,2025-11-20T15:43:48Z,2025-11-25T12:54:00.780374,,Yes,Yes,No,0,https://github.com/miniapp-factory/dont-worry,https://dont-worry.miniapp-factory.marketplace.openxai.network,AI
506,doodle-mint,Doodle Mint,Active,4,Create and mint pixel-perfect doodles on the Base network.,2025-11-22T03:50:33Z,2025-11-25T12:54:00.780374,,Yes,Yes,Yes,1,https://github.com/miniapp-factory/doodle-mint,https://doodle-mint.miniapp-factory.marketplace.openxai.network,Game
507,dope,Dope,Active,4,Play the classic 2048 game in this mini app.,2025-11-20T23:07:17Z,2025-11-25T12:54:00.780374,,Yes,Yes,Yes,1,https://github.com/miniapp-factory/dope,https://dope.miniapp-factory.marketplace.openxai.network,"Puzzle, Social"
75,dotsandboxesmini,Dotsandboxesmini,Active,4,This app guides users on how and where to donate effectively.,2025-11-23T03:04:15Z,2025-11-24T17:03:11.689790,,Yes,Yes,Yes,1,https://github.com/miniapp-factory/dotsandboxesmini,https://dotsandboxesmini.miniapp-factory.marketplace.openxai.network,Other
12,dragon-hunter,Dragon Hunter,Active,9,Find out which animal you are most similar to!,2025-11-23T15:07:08Z,2025-11-24T13:56:57.547145,,Yes,Yes,Yes,2,https://github.com/miniapp-factory/dragon-hunter,https://dragon-hunter.miniapp-factory.marketplace.openxai.network,"Education, Quiz, Social"
508,dragonbase,Dragonbase,Active,4,Test your IQ with quick and full tests. No login required.,2025-11-25T13:36:32Z,2025-11-25T12:54:00.780374,,Yes,Yes,Yes,1,https://github.com/miniapp-factory/dragonbase,https://dragonbase.miniapp-factory.marketplace.openxai.network,"Game, Social"
509,dreaminterpreter,Dreaminterpreter,Active,4,An app that interprets user dreams symbolically.,2025-11-22T15:48:10Z,2025-11-25T12:54:00.780374,,Yes,Yes,Yes,1,https://github.com/miniapp-factory/dreaminterpreter,https://dreaminterpreter.miniapp-factory.marketplace.openxai.network,Utility
510,drip,Drip,Active,4,Discover which animal you are most similar to by answering a fun quiz!,2025-11-20T18:03:18Z,2025-11-25T12:54:00.780374,,Yes,Yes,Yes,1,https://github.com/miniapp-factory/drip,https://drip.miniapp-factory.marketplace.openxai.network,"Education, Quiz, Social"
130,dukdue,Dukdue,Active,10,DukduE is a blockchain-powered meme project blending the creativity of AI and the community.,2025-11-21T17:34:12Z,2025-11-24T23:14:32.222489,,Yes,Yes,Yes,3,https://github.com/miniapp-factory/dukdue,https://dukdue.miniapp-factory.marketplace.openxai.network,"Crypto, Social"
511,dulal,Dulal,Active,4,Discover which animal you are most similar to with our fun quiz!,2025-11-21T16:31:49Z,2025-11-25T12:54:00.780374,,Yes,Yes,Yes,1,https://github.com/miniapp-factory/dulal,https://dulal.miniapp-factory.marketplace.openxai.network,"Education, Quiz, Social"
25,dzandirr,Dzandirr,Active,4,A modern platform for building and sharing mini applications.,2025-11-23T23:18:35Z,2025-11-24T16:26:11.206743,,Yes,Yes,Yes,1,https://github.com/miniapp-factory/dzandirr,https://dzandirr.miniapp-factory.marketplace.openxai.network,Utility
929,echo-app,Echo App,Active,1,An AI-powered tool that helps with mini app factory app.,2025-11-22T08:31:24Z,2025-11-25T12:54:00.780374,,Yes,Yes,No,0,https://github.com/miniapp-factory/echo-app,https://echo-app.miniapp-factory.marketplace.openxai.network,AI
26,edge-22,Edge 22,Active,4,"Edge 22 is a fast, strategic card game inspired by Blackjack but built with completely new rules, special cards, and a fresh scoring system.",2025-11-23T21:36:02Z,2025-11-24T16:26:11.206743,,Yes,Yes,Yes,1,https://github.com/miniapp-factory/edge-22,https://edge-22.miniapp-factory.marketplace.openxai.network,Card Game
512,ehte,Ehte,Active,4,Play a simple number guessing game where you try to guess a random number between 1 and 100.,2025-11-21T16:39:56Z,2025-11-25T12:54:00.780374,,Yes,Yes,Yes,1,https://github.com/miniapp-factory/ehte,https://ehte.miniapp-factory.marketplace.openxai.network,Game
,elemental-blocks,Elemental Blocks,Pending,,,,,,,,,,https://github.com/miniapp-factory/elemental-blocks,https://elemental-blocks.miniapp-factory.marketplace.openxai.network,
930,eligablity,Eligablity,Active,1,An AI-powered tool that helps with mini app factory app.,2025-11-22T04:24:50Z,2025-11-25T12:54:00.780374,,Yes,Yes,No,0,https://github.com/miniapp-factory/eligablity,https://eligablity.miniapp-factory.marketplace.openxai.network,AI
513,elsa,Elsa,Active,4,Spin the slot machine and win fruit prizes!,2025-11-21T04:58:18Z,2025-11-25T12:54:00.780374,,Yes,Yes,Yes,1,https://github.com/miniapp-factory/elsa,https://elsa.miniapp-factory.marketplace.openxai.network,"Casino, Social"
,emoji-quiz-game,Emoji Quiz Game,Pending,,,,,,,,,,https://github.com/miniapp-factory/emoji-quiz-game,https://emoji-quiz-game.miniapp-factory.marketplace.openxai.network,
514,emojigame,Emojigame,Active,4,Guess phrases from emojis in this fun mini‑app!,2025-11-21T09:41:49Z,2025-11-25T12:54:00.780374,,Yes,Yes,Yes,1,https://github.com/miniapp-factory/emojigame,https://emojigame.miniapp-factory.marketplace.openxai.network,Puzzle
515,emojimeaning,Emojimeaning,Active,4,Guess the phrase represented by a series of emojis.,2025-11-22T08:43:17Z,2025-11-25T12:54:00.780374,,Yes,Yes,Yes,1,https://github.com/miniapp-factory/emojimeaning,https://emojimeaning.miniapp-factory.marketplace.openxai.network,Utility
516,emojitranslator,Emojitranslator,Active,4,Translate sentences into emojis,2025-11-20T15:34:33Z,2025-11-25T12:54:00.780374,,Yes,Yes,Yes,1,https://github.com/miniapp-factory/emojitranslator,https://emojitranslator.miniapp-factory.marketplace.openxai.network,Utility
,endless-arcane-runner-game,Endless Arcane Runner Game,Pending,,,,,,,,,,https://github.com/miniapp-factory/endless-arcane-runner-game,https://endless-arcane-runner-game.miniapp-factory.marketplace.openxai.network,
,endless-runner,Endless Runner,Pending,,,,,,,,,,https://github.com/miniapp-factory/endless-runner,https://endless-runner.miniapp-factory.marketplace.openxai.network,
517,endlessrunner,Endlessrunner,Active,4,An app that produces layouts from user information.,2025-11-23T02:19:39Z,2025-11-25T12:54:00.780374,,Yes,Yes,Yes,1,https://github.com/miniapp-factory/endlessrunner,https://endlessrunner.miniapp-factory.marketplace.openxai.network,Generator
518,entry-exit-planne,Entry Exit Planne,Active,4,A simple offline tool to plan and organize trade entries and exits.,2025-11-21T14:37:16Z,2025-11-25T12:54:00.780374,,Yes,Yes,Yes,1,https://github.com/miniapp-factory/entry-exit-planne,https://entry-exit-planne.miniapp-factory.marketplace.openxai.network,Card Game
,epistemology,Epistemology,Inactive,0,Epistemology mini app on Mini App Factory,2025-11-26T13:16:21.731036,2025-11-26T13:38:44.562365,,Yes,Yes,No,0,https://github.com/miniapp-factory/epistemology,https://epistemology.miniapp-factory.marketplace.openxai.network,Inactive
519,era,Era,Active,4,Find out which animal you are most similar to with our fun quiz!,2025-11-20T18:48:26Z,2025-11-25T13:11:36.611067,,Yes,Yes,Yes,1,https://github.com/miniapp-factory/era,https://era.miniapp-factory.marketplace.openxai.network,"Education, Quiz, Social"
520,erenda,Erenda,Active,4,Play the classic 2048 game in the Mini App Factory!,2025-11-20T15:53:24Z,2025-11-25T13:11:36.611067,,Yes,Yes,Yes,1,https://github.com/miniapp-factory/erenda,https://erenda.miniapp-factory.marketplace.openxai.network,"Puzzle, Social"
249,eric,Eric,Active,6,Play the classic 2048 game in the Mini App Factory!,2025-11-21T08:18:26Z,2025-11-24T23:14:32.222489,,Yes,Yes,Yes,1,https://github.com/miniapp-factory/eric,https://eric.miniapp-factory.marketplace.openxai.network,"Puzzle, Social"
,eth,Eth,Pending,,,,,,,,,,https://github.com/miniapp-factory/eth,https://eth.miniapp-factory.marketplace.openxai.network,
293,everln,Everln,Active,5,Play the classic 2048 game and share your score!,2025-11-20T18:44:27Z,2025-11-25T00:01:19.852430,,Yes,Yes,Yes,1,https://github.com/miniapp-factory/everln,https://everln.miniapp-factory.marketplace.openxai.network,"Puzzle, Social"
521,everyx,Everyx,Active,4,Spin the slot machine and win fruit combos!,2025-11-20T18:46:31Z,2025-11-25T13:11:36.611067,,Yes,Yes,Yes,1,https://github.com/miniapp-factory/everyx,https://everyx.miniapp-factory.marketplace.openxai.network,"Casino, Social"
,evo,Evo,Pending,,,,,,,,,,https://github.com/miniapp-factory/evo,https://evo.miniapp-factory.marketplace.openxai.network,
,evolve,Evolve,Inactive,7,Evolve mini app on Mini App Factory,2025-11-25T13:26:08Z,2025-11-26T13:38:44.562365,,Yes,Yes,No,0,https://github.com/miniapp-factory/evolve,https://evolve.miniapp-factory.marketplace.openxai.network,Inactive
522,exctrator,Exctrator,Active,4,"Extract names, phone numbers, and locations from images and export them to a spreadsheet.",2025-11-20T21:56:15Z,2025-11-25T13:11:36.611067,,Yes,Yes,Yes,1,https://github.com/miniapp-factory/exctrator,https://exctrator.miniapp-factory.marketplace.openxai.network,Utility
523,exit-strategy-planner,Exit Strategy Planner,Active,4,Create a simple app that helps users plan their exit strategy for any token.,2025-11-22T09:03:59Z,2025-11-25T13:11:36.611067,,Yes,Yes,Yes,1,https://github.com/miniapp-factory/exit-strategy-planner,https://exit-strategy-planner.miniapp-factory.marketplace.openxai.network,Game
,expense-manager,Expense Manager,Pending,,,,,,,,,,https://github.com/miniapp-factory/expense-manager,https://expense-manager.miniapp-factory.marketplace.openxai.network,
524,ezswap,Ezswap,Active,4,A quick swap button that shows wallet balances with dynamic effects.,2025-11-20T21:33:52Z,2025-11-25T13:11:36.611067,,Yes,Yes,Yes,1,https://github.com/miniapp-factory/ezswap,https://ezswap.miniapp-factory.marketplace.openxai.network,"Crypto, Portfolio"
525,fabeau,Fabeau,Active,4,A Next.js template for building Farcaster mini apps with shadcn components and Tailwind CSS.,2025-11-21T09:32:59Z,2025-11-25T13:11:36.611067,,Yes,Yes,Yes,1,https://github.com/miniapp-factory/fabeau,https://fabeau.miniapp-factory.marketplace.openxai.network,Game
526,factorcap,Factorcap,Active,4,A simple app that tells you if a statement is a fact or a cap and explains why.,2025-11-22T15:34:15Z,2025-11-25T13:11:36.611067,,Yes,Yes,Yes,1,https://github.com/miniapp-factory/factorcap,https://factorcap.miniapp-factory.marketplace.openxai.network,Utility
527,faketweet,Faketweet,Active,4,Generate funny fake tweets about any topic.,2025-11-22T15:41:58Z,2025-11-25T13:11:36.611067,,Yes,Yes,Yes,1,https://github.com/miniapp-factory/faketweet,https://faketweet.miniapp-factory.marketplace.openxai.network,Generator
,falling-letters,Falling Letters,Pending,,,,,,,,,,https://github.com/miniapp-factory/falling-letters,https://falling-letters.miniapp-factory.marketplace.openxai.network,
,falling-sand-game,Falling Sand Game,Inactive,0,Falling Sand Game mini app on Mini App Factory,2025-11-26T13:16:21.731081,2025-11-26T13:38:44.562365,,Yes,Yes,No,0,https://github.com/miniapp-factory/falling-sand-game,https://falling-sand-game.miniapp-factory.marketplace.openxai.network,Inactive
76,fallingblocksmini,Fallingblocksmini,Active,4,Generate email templates and subject lines effortlessly.,2025-11-23T02:34:29Z,2025-11-24T17:03:11.689790,,Yes,Yes,Yes,1,https://github.com/miniapp-factory/fallingblocksmini,https://fallingblocksmini.miniapp-factory.marketplace.openxai.network,Generator
42,fallingplatforms,Fallingplatforms,Active,6,A simple app that translates short texts or messages.,2025-11-23T03:00:28Z,2025-11-24T17:03:11.689790,,Yes,Yes,Yes,1,https://github.com/miniapp-factory/fallingplatforms,https://fallingplatforms.miniapp-factory.marketplace.openxai.network,Utility
294,farage,Farage,Active,5,Show your Farcaster age and share it with friends.,2025-11-22T09:09:19Z,2025-11-25T00:01:19.852430,,Yes,Yes,Yes,1,https://github.com/miniapp-factory/farage,https://farage.miniapp-factory.marketplace.openxai.network,Social
295,farcaster-portfolio,Farcaster Portfolio,Active,5,"View all token holdings, hidden tokens, and unclaimed airdrops for each Farcaster wallet.",2025-11-22T20:46:29Z,2025-11-25T00:01:19.852430,,Yes,Yes,Yes,1,https://github.com/miniapp-factory/farcaster-portfolio,https://farcaster-portfolio.miniapp-factory.marketplace.openxai.network,"Airdrop, Crypto, Finance, Portfolio"
146,farcore,Farcore,Active,9,Design your home in a virtual environment and enjoy the experience.,2025-11-20T18:55:41Z,2025-11-24T23:14:32.222489,,Yes,Yes,Yes,3,https://github.com/miniapp-factory/farcore,https://farcore.miniapp-factory.marketplace.openxai.network,Utility
528,farmminiharvest,Farmminiharvest,Active,4,Plant and harvest crops.,2025-11-22T08:45:00Z,2025-11-25T13:11:36.611067,,Yes,Yes,Yes,1,https://github.com/miniapp-factory/farmminiharvest,https://farmminiharvest.miniapp-factory.marketplace.openxai.network,Other
529,fast,Fast,Active,4,"A simple, interactive app that guides users through a personalized weight loss program.",2025-11-21T05:14:30Z,2025-11-25T13:11:36.611067,,Yes,Yes,Yes,1,https://github.com/miniapp-factory/fast,https://fast.miniapp-factory.marketplace.openxai.network,Utility
530,fasttapfrenzy,Fasttapfrenzy,Active,4,A minimalistic app showcasing the Mini App Factory,2025-11-22T08:38:43Z,2025-11-25T13:11:36.611067,,Yes,Yes,Yes,1,https://github.com/miniapp-factory/fasttapfrenzy,https://fasttapfrenzy.miniapp-factory.marketplace.openxai.network,Utility
531,fedro,Fedro,Active,4,A simple text-based animation demo app.,2025-11-21T17:02:01Z,2025-11-25T13:11:36.611067,,Yes,Yes,Yes,1,https://github.com/miniapp-factory/fedro,https://fedro.miniapp-factory.marketplace.openxai.network,Game
532,feel-flow,Feel Flow,Active,4,A simple chat app you can use wherever you are.,2025-11-22T09:11:23Z,2025-11-25T13:11:36.611067,,Yes,Yes,Yes,1,https://github.com/miniapp-factory/feel-flow,https://feel-flow.miniapp-factory.marketplace.openxai.network,Chat
886,felix,Felix,Active,2,"Allows someone to find out which animal (cat, dog, fox, hamster, horse) they are most similar to by answering 5 multiple.",2025-11-23T01:56:39Z,2025-11-25T13:11:36.611067,,Yes,Yes,Yes,1,https://github.com/miniapp-factory/felix,https://felix.miniapp-factory.marketplace.openxai.network,"Education, Quiz, Social"
533,ffree,Ffree,Active,4,A simple Python program that counts words and characters in user input.,2025-11-21T15:39:12Z,2025-11-25T13:11:36.611067,,Yes,Yes,Yes,1,https://github.com/miniapp-factory/ffree,https://ffree.miniapp-factory.marketplace.openxai.network,Utility
534,fidget-spinner,Fidget Spinner,Active,4,"Relax, focus, and have fun!",2025-11-22T09:11:39Z,2025-11-25T13:11:36.611067,,Yes,Yes,Yes,1,https://github.com/miniapp-factory/fidget-spinner,https://fidget-spinner.miniapp-factory.marketplace.openxai.network,Game
,fili-food,Fili Food,Pending,,,,,,,,,,https://github.com/miniapp-factory/fili-food,https://fili-food.miniapp-factory.marketplace.openxai.network,
535,financ,Financ,Active,4,"Track your income, expenses, budgets, and savings goals with ease.",2025-11-20T21:40:56Z,2025-11-25T13:11:36.611067,,Yes,Yes,Yes,1,https://github.com/miniapp-factory/financ,https://financ.miniapp-factory.marketplace.openxai.network,"AI, Entertainment, Finance, Fitness, Health, Platformer, Social"
,firefly-keeper,Firefly Keeper,Inactive,4,Firefly Keeper mini app on Mini App Factory,2025-11-24T11:44:04Z,2025-11-26T13:38:44.562365,,Yes,Yes,No,0,https://github.com/miniapp-factory/firefly-keeper,https://firefly-keeper.miniapp-factory.marketplace.openxai.network,Inactive
13,fireplace,Fireplace,Active,9,A demo app showing WebSocket ping‑pong functionality.,2025-11-23T19:00:16Z,2025-11-24T16:26:11.206743,,Yes,Yes,Yes,2,https://github.com/miniapp-factory/fireplace,https://fireplace.miniapp-factory.marketplace.openxai.network,Game
931,fitjourney,Fitjourney,Active,1,An AI-powered tool that helps with mini app factory app.,2025-11-22T08:33:02Z,2025-11-25T13:11:36.611067,,Yes,Yes,No,0,https://github.com/miniapp-factory/fitjourney,https://fitjourney.miniapp-factory.marketplace.openxai.network,AI
536,fitness,Fitness,Active,4,"FitGen is a mobile app that helps users track workouts, diet, and wellness habits, offering personalized training plans, meal recommendations,...",2025-11-20T20:41:19Z,2025-11-25T13:11:36.611067,,Yes,Yes,Yes,1,https://github.com/miniapp-factory/fitness,https://fitness.miniapp-factory.marketplace.openxai.network,"Education, Fitness, Health, Social"
932,fitness-tracker,Fitness Tracker,Active,1,An AI-powered tool that helps with mini app factory app.,2025-11-22T14:00:33Z,2025-11-25T13:11:36.611067,,Yes,Yes,No,0,https://github.com/miniapp-factory/fitness-tracker,https://fitness-tracker.miniapp-factory.marketplace.openxai.network,"AI, Fitness, Health"
887,fitnesshealth,Fitnesshealth,Active,2,"Provides short, effective workouts for any level.",2025-11-22T09:04:46Z,2025-11-25T13:11:36.611067,,Yes,Yes,Yes,1,https://github.com/miniapp-factory/fitnesshealth,https://fitnesshealth.miniapp-factory.marketplace.openxai.network,"AI, AI Chat, Chat, Crypto, Education, Entertainment, Fitness, Health, Tracker"
537,fitnessmini,Fitnessmini,Active,4,A quick 3‑minute workout routine to keep you fit.,2025-11-22T15:34:50Z,2025-11-25T13:11:36.611067,,Yes,Yes,Yes,1,https://github.com/miniapp-factory/fitnessmini,https://fitnessmini.miniapp-factory.marketplace.openxai.network,"Fitness, Generator, Health"
538,fitnesstip,Fitnesstip,Active,4,Get a daily fitness tip tailored to your goals!,2025-11-20T16:16:05Z,2025-11-25T13:11:36.611067,,Yes,Yes,Yes,1,https://github.com/miniapp-factory/fitnesstip,https://fitnesstip.miniapp-factory.marketplace.openxai.network,"Fitness, Health"
234,flappy-coin,Flappy Coin,Active,7,A fun crypto-themed mini game where you flap a coin to earn tiny token rewards.,2025-11-21T03:51:06Z,2025-11-24T23:14:32.222489,,Yes,Yes,Yes,2,https://github.com/miniapp-factory/flappy-coin,https://flappy-coin.miniapp-factory.marketplace.openxai.network,"Game, Social"
539,flappyclone,Flappyclone,Active,4,"A minimal Next.js app template using Shadcn UI components, tailored for the Mini App Factory.",2025-11-23T02:18:50Z,2025-11-25T13:11:36.611067,,Yes,Yes,Yes,1,https://github.com/miniapp-factory/flappyclone,https://flappyclone.miniapp-factory.marketplace.openxai.network,Other
540,flashbase-bets,Flashbase Bets,Active,4,Ultra‑fast 5–60 minute prediction markets on anything.,2025-11-22T08:54:44Z,2025-11-25T13:11:36.611067,,Yes,Yes,Yes,1,https://github.com/miniapp-factory/flashbase-bets,https://flashbase-bets.miniapp-factory.marketplace.openxai.network,"Game, Social"
541,flashloan,Flashloan,Active,4,"Flash Loan Tracker monitors large flash loan transactions in real-time, helping traders and analysts detect unusual market activity and potential...",2025-11-20T21:44:43Z,2025-11-25T13:11:36.611067,,Yes,Yes,Yes,1,https://github.com/miniapp-factory/flashloan,https://flashloan.miniapp-factory.marketplace.openxai.network,"Finance, Platformer, Tracker"
542,flashmath,Flashmath,Active,4,Test your math skills with a quick quiz.,2025-11-22T15:16:42Z,2025-11-25T14:10:25.318523,,Yes,Yes,Yes,1,https://github.com/miniapp-factory/flashmath,https://flashmath.miniapp-factory.marketplace.openxai.network,Utility
131,flick,Flick,Active,10,Compare products across markets to find the best quality and price.,2025-11-22T20:15:03Z,2025-11-24T23:14:32.222489,,Yes,Yes,Yes,3,https://github.com/miniapp-factory/flick,https://flick.miniapp-factory.marketplace.openxai.network,Utility
296,flip-the-coin,Flip The Coin,Active,5,Play the slot machine and share your wins!,2025-11-20T17:54:37Z,2025-11-25T00:01:19.852430,,Yes,Yes,Yes,1,https://github.com/miniapp-factory/flip-the-coin,https://flip-the-coin.miniapp-factory.marketplace.openxai.network,"Casino, Social"
543,flownest,Flownest,Active,4,Find out which animal you are most similar to!,2025-11-22T09:13:05Z,2025-11-25T14:10:25.318523,,Yes,Yes,Yes,1,https://github.com/miniapp-factory/flownest,https://flownest.miniapp-factory.marketplace.openxai.network,"Education, Quiz, Social"
,fontasia,Fontasia,Pending,,,,,,,,,,https://github.com/miniapp-factory/fontasia,https://fontasia.miniapp-factory.marketplace.openxai.network,
,food-mines,Food Mines,Inactive,2,Food Mines mini app on Mini App Factory,2025-11-24T12:15:33Z,2025-11-26T13:38:44.562365,,Yes,Yes,No,0,https://github.com/miniapp-factory/food-mines,https://food-mines.miniapp-factory.marketplace.openxai.network,Inactive
544,foodmatch,Foodmatch,Active,4,Suggest a food that matches your mood.,2025-11-22T15:26:00Z,2025-11-25T14:10:25.318523,,Yes,Yes,Yes,1,https://github.com/miniapp-factory/foodmatch,https://foodmatch.miniapp-factory.marketplace.openxai.network,Utility
545,foodrating,Foodrating,Active,4,Rate your meals with a funny twist!,2025-11-22T15:40:25Z,2025-11-25T14:10:25.318523,,Yes,Yes,Yes,1,https://github.com/miniapp-factory/foodrating,https://foodrating.miniapp-factory.marketplace.openxai.network,Entertainment
,fortune-cookie,Fortune Cookie,Inactive,12,Fortune Cookie mini app on Mini App Factory,2025-11-24T14:49:48Z,2025-11-26T13:38:44.562365,,Yes,Yes,No,0,https://github.com/miniapp-factory/fortune-cookie,https://fortune-cookie.miniapp-factory.marketplace.openxai.network,Inactive
4,fouter,Fouter,Active,4,Play the classic 2048 game in dark mode and share your score.,2025-11-24T04:05:31Z,2025-11-24T16:26:11.206743,,Yes,Yes,Yes,1,https://github.com/miniapp-factory/fouter,https://fouter.miniapp-factory.marketplace.openxai.network,"Puzzle, Social"
,freelance-quiz-and-tracker,Freelance Quiz And Tracker,Pending,,,,,,,,,,https://github.com/miniapp-factory/freelance-quiz-and-tracker,https://freelance-quiz-and-tracker.miniapp-factory.marketplace.openxai.network,
888,froggermini,Froggermini,Default,2,"Converts pasted text into clean, structured tables.",2025-11-23T02:24:59Z,2025-11-24T17:13:16.323357,,Yes,Yes,Yes,1,https://github.com/miniapp-factory/froggermini,https://froggermini.miniapp-factory.marketplace.openxai.network,Other
546,fruit-slice-challenge,Fruit Slice Challenge,Active,4,"Fruit Slice Challenge is a speed-based slicing game where different fruits pop up on the screen, and your task is to swipe and slice as many as...",2025-11-20T18:48:53Z,2025-11-25T14:10:25.318523,,Yes,Yes,Yes,1,https://github.com/miniapp-factory/fruit-slice-challenge,https://fruit-slice-challenge.miniapp-factory.marketplace.openxai.network,Game
47,fruitslicegame,Fruitslicegame,Active,5,This app recommends suitable fields of study based on your interests.,2025-11-23T03:00:45Z,2025-11-24T17:03:11.689790,,Yes,Yes,Yes,1,https://github.com/miniapp-factory/fruitslicegame,https://fruitslicegame.miniapp-factory.marketplace.openxai.network,"Education, Game"
547,fundrateflow,Fundrateflow,Active,4,Scan and compare futures funding rates across major exchanges to spot sentiment and arbitrage opportunities.,2025-11-20T19:17:13Z,2025-11-25T14:10:25.318523,,Yes,Yes,Yes,1,https://github.com/miniapp-factory/fundrateflow,https://fundrateflow.miniapp-factory.marketplace.openxai.network,Game
297,funfactai,Funfactai,Active,5,"An app that displays random fun facts about science, history, or tech!",2025-11-20T16:24:11Z,2025-11-25T00:01:19.852430,,Yes,Yes,Yes,1,https://github.com/miniapp-factory/funfactai,https://funfactai.miniapp-factory.marketplace.openxai.network,Game
889,funny-cam,Funny Cam,Active,2,Mini app to take photo of human but superimpose the face with funny facial expression eg.,2025-11-21T23:27:14Z,2025-11-25T14:10:25.318523,,Yes,Yes,Yes,1,https://github.com/miniapp-factory/funny-cam,https://funny-cam.miniapp-factory.marketplace.openxai.network,"Crypto, Social"
548,futures,Futures,Active,4,"A lightweight web/mobile application that allows users to share, view, and discuss cryptocurrency price forecasts.",2025-11-20T19:18:47Z,2025-11-25T14:10:25.318523,,Yes,Yes,Yes,1,https://github.com/miniapp-factory/futures,https://futures.miniapp-factory.marketplace.openxai.network,"AI Chat, Platformer, Social"
77,fx1-digital-hubs,Fx1 Digital Hubs,Active,4,"An onchain creative ecosystem built on Base, empowering creators, collectors, and digital entrepreneurs with NFT fashion, smart contracts, onchain...",2025-11-23T05:27:17Z,2025-11-24T17:03:11.689790,,Yes,Yes,Yes,1,https://github.com/miniapp-factory/fx1-digital-hubs,https://fx1-digital-hubs.miniapp-factory.marketplace.openxai.network,"Crypto, Social"
,galaticfarm,Galaticfarm,Pending,,,,,,,,,,https://github.com/miniapp-factory/galaticfarm,https://galaticfarm.miniapp-factory.marketplace.openxai.network,
549,game,Game,Active,4,Play 2048 and share your score!,2025-11-20T16:26:37Z,2025-11-25T14:10:25.318523,,Yes,Yes,Yes,1,https://github.com/miniapp-factory/game,https://game.miniapp-factory.marketplace.openxai.network,"Puzzle, Social"
550,game12,Game12,Active,4,"A quick and addictive puzzle game with levels, rewards, and social features.",2025-11-20T20:59:40Z,2025-11-25T14:10:25.318523,,Yes,Yes,Yes,1,https://github.com/miniapp-factory/game12,https://game12.miniapp-factory.marketplace.openxai.network,"AI, Education, Language Learning, Puzzle, Social"
,gamebot,Gamebot,Pending,,,,,,,,,,https://github.com/miniapp-factory/gamebot,https://gamebot.miniapp-factory.marketplace.openxai.network,
551,gamegames,Gamegames,Active,4,A fun game where players answer simple math questions.,2025-11-22T09:07:41Z,2025-11-25T14:10:25.318523,,Yes,Yes,Yes,1,https://github.com/miniapp-factory/gamegames,https://gamegames.miniapp-factory.marketplace.openxai.network,"Education, Quiz"
890,gamertip,Gamertip,Active,2,Give one gaming improvement tip for {game}.,2025-11-22T15:43:50Z,2025-11-25T14:10:25.318523,,Yes,Yes,Yes,1,https://github.com/miniapp-factory/gamertip,https://gamertip.miniapp-factory.marketplace.openxai.network,Game
298,gamified,Gamified,Active,5,Find out which animal you are most similar to!,2025-11-21T09:16:37Z,2025-11-25T00:03:12.859514,,Yes,Yes,Yes,1,https://github.com/miniapp-factory/gamified,https://gamified.miniapp-factory.marketplace.openxai.network,"Education, Quiz, Social"
552,gapsniffer,Gapsniffer,Active,4,"A tool to detect price gaps in CME futures and spot markets, enabling traders to trade the Gap Fill strategy.",2025-11-20T19:22:46Z,2025-11-25T14:10:25.318523,,Yes,Yes,Yes,1,https://github.com/miniapp-factory/gapsniffer,https://gapsniffer.miniapp-factory.marketplace.openxai.network,"Finance, Game"
553,gasgazer,Gasgazer,Active,4,"Track real-time gas prices on Ethereum and Layer 2 networks, predict the cheapest time to transact, and receive alerts when fees drop below your...",2025-11-20T19:13:53Z,2025-11-25T14:10:25.318523,,Yes,Yes,Yes,1,https://github.com/miniapp-factory/gasgazer,https://gasgazer.miniapp-factory.marketplace.openxai.network,"Alert, Calculator, Crypto, Finance, Tracker"
891,gasguardian-ai,Gasguardian Ai,Active,2,"Official English description for GasGuardian AI, maximum 350 words, professional yet easy-to-understand tone.",2025-11-21T00:03:12Z,2025-11-25T14:10:25.318523,,Yes,Yes,Yes,1,https://github.com/miniapp-factory/gasguardian-ai,https://gasguardian-ai.miniapp-factory.marketplace.openxai.network,"Education, Finance, Game, Language Learning"
933,gem-detctor,Gem Detctor,Active,1,An AI-powered tool that helps with mini app factory app.,2025-11-20T14:22:08Z,2025-11-25T14:10:25.318523,,Yes,Yes,No,0,https://github.com/miniapp-factory/gem-detctor,https://gem-detctor.miniapp-factory.marketplace.openxai.network,AI
132,gem-finder,Gem Finder,Active,10,"Scrape auction sites, compare with eBay, and compute optimal bids.",2025-11-20T15:41:03Z,2025-11-24T23:14:32.222489,,Yes,Yes,Yes,3,https://github.com/miniapp-factory/gem-finder,https://gem-finder.miniapp-factory.marketplace.openxai.network,Utility
554,gemini-assistant,Gemini Assistant,Active,4,"An app powered by Gemini AI, built with the Mini App Factory.",2025-11-22T20:50:03Z,2025-11-25T16:08:05.210366,,Yes,Yes,Yes,1,https://github.com/miniapp-factory/gemini-assistant,https://gemini-assistant.miniapp-factory.marketplace.openxai.network,AI
555,gems,Gems,Active,4,Find out which animal you are most similar to with our fun quiz!,2025-11-20T19:14:52Z,2025-11-25T16:08:05.210366,,Yes,Yes,Yes,1,https://github.com/miniapp-factory/gems,https://gems.miniapp-factory.marketplace.openxai.network,"Education, Quiz, Social"
250,genai,Genai,Active,6,Find out which animal you are most similar to!,2025-11-20T17:35:00Z,2025-11-24T23:14:32.222489,,Yes,Yes,Yes,1,https://github.com/miniapp-factory/genai,https://genai.miniapp-factory.marketplace.openxai.network,"Education, Quiz, Social"
235,generation-snake,Generation Snake,Active,7,Play the classic 2048 puzzle game in this mini app.,2025-11-22T21:10:37Z,2025-11-24T23:14:32.222489,,Yes,Yes,Yes,2,https://github.com/miniapp-factory/generation-snake,https://generation-snake.miniapp-factory.marketplace.openxai.network,"Puzzle, Social"
556,genesisnft,Genesisnft,Active,4,"Description:
Genesis NFT Tracker monitors new Genesis NFT drops in real-time, providing insights into floor prices, rarity, and market activity.",2025-11-21T05:57:47Z,2025-11-25T16:08:05.210366,,Yes,Yes,Yes,1,https://github.com/miniapp-factory/genesisnft,https://genesisnft.miniapp-factory.marketplace.openxai.network,"Alert, Crypto, Finance, Tracker, Trading"
557,gerrrr,Gerrrr,Active,4,Displays the days of the week for a given month and year.,2025-11-21T16:47:14Z,2025-11-25T16:08:05.210366,,Yes,Yes,Yes,1,https://github.com/miniapp-factory/gerrrr,https://gerrrr.miniapp-factory.marketplace.openxai.network,Game
,get-my-meds,Get My Meds,Inactive,4,Get My Meds mini app on Mini App Factory,2025-11-24T14:27:22Z,2025-11-26T13:38:44.562365,,Yes,Yes,No,0,https://github.com/miniapp-factory/get-my-meds,https://get-my-meds.miniapp-factory.marketplace.openxai.network,Inactive
558,getr,Getr,Active,4,"A mobile app that allows users to exchange, share, and redeem discount coupons from various retailers.",2025-11-20T19:38:27Z,2025-11-25T16:08:05.210366,,Yes,Yes,Yes,1,https://github.com/miniapp-factory/getr,https://getr.miniapp-factory.marketplace.openxai.network,"AI Chat, Education, Platformer, Social"
559,gghtr,Gghtr,Active,4,"Write a basic Python stopwatch program that allows the user to start, stop, and reset the timer.",2025-11-21T15:47:26Z,2025-11-25T16:08:05.210366,,Yes,Yes,Yes,1,https://github.com/miniapp-factory/gghtr,https://gghtr.miniapp-factory.marketplace.openxai.network,Utility
560,ggttr,Ggttr,Active,4,A simple app that extracts and highlights keywords from text.,2025-11-21T11:40:56Z,2025-11-25T16:08:05.210366,,Yes,Yes,Yes,1,https://github.com/miniapp-factory/ggttr,https://ggttr.miniapp-factory.marketplace.openxai.network,Utility
561,gjjjgg,Gjjjgg,Active,4,"Gamify your creative exercises with daily quests, rewards, and progress tracking.",2025-11-20T21:37:24Z,2025-11-25T16:08:05.210366,,Yes,Yes,Yes,1,https://github.com/miniapp-factory/gjjjgg,https://gjjjgg.miniapp-factory.marketplace.openxai.network,"AI, Fitness, Health, Platformer, Social"
562,gogo,Gogo,Active,4,Coin Rush 2048 is a simple but addictive puzzle game played on a 4×4 grid.,2025-11-20T18:26:54Z,2025-11-25T16:08:05.210366,,Yes,Yes,Yes,1,https://github.com/miniapp-factory/gogo,https://gogo.miniapp-factory.marketplace.openxai.network,Puzzle
563,goldpish,Goldpish,Active,4,A simple gold fish game where the fish eats coins to grow.,2025-11-22T09:13:06Z,2025-11-25T16:08:05.210366,,Yes,Yes,Yes,1,https://github.com/miniapp-factory/goldpish,https://goldpish.miniapp-factory.marketplace.openxai.network,"Fitness, Game, Health"
564,golik,Golik,Active,4,Send funny pictures every morning with our app!,2025-11-21T03:58:03Z,2025-11-25T16:09:47.088791,,Yes,Yes,Yes,1,https://github.com/miniapp-factory/golik,https://golik.miniapp-factory.marketplace.openxai.network,Entertainment
892,goodmorningai,Goodmorningai,Active,2,Send a positive morning message.,2025-11-22T15:38:37Z,2025-11-25T16:09:47.088791,,Yes,Yes,Yes,1,https://github.com/miniapp-factory/goodmorningai,https://goodmorningai.miniapp-factory.marketplace.openxai.network,Utility
236,goondrop,Goondrop,Active,7,Spin the slot machine and share your wins!,2025-11-20T22:54:58Z,2025-11-24T23:14:32.222489,,Yes,Yes,Yes,2,https://github.com/miniapp-factory/goondrop,https://goondrop.miniapp-factory.marketplace.openxai.network,"Casino, Social"
565,gordon,Gordon,Active,4,Spin the slots and win with fruit!,2025-11-21T04:15:42Z,2025-11-25T16:09:47.088791,,Yes,Yes,Yes,1,https://github.com/miniapp-factory/gordon,https://gordon.miniapp-factory.marketplace.openxai.network,"Casino, Social"
566,governanceproposalanalyzer,Governanceproposalanalyzer,Active,4,Governance Proposal Analyzer is a Mini App that evaluates DAO proposals across multiple DeFi protocols.,2025-11-22T10:50:41Z,2025-11-25T16:09:47.088791,,Yes,Yes,Yes,1,https://github.com/miniapp-factory/governanceproposalanalyzer,https://governanceproposalanalyzer.miniapp-factory.marketplace.openxai.network,"Alert, Crypto, DeFi, Social"
567,gre,Gre,Active,4,"A secure, user-friendly app to manage digital assets, view real-time market data, perform transactions, and track portfolio performance.",2025-11-22T20:15:43Z,2025-11-25T16:09:47.088791,,Yes,Yes,Yes,1,https://github.com/miniapp-factory/gre,https://gre.miniapp-factory.marketplace.openxai.network,"Crypto, Portfolio"
,guess-the-buwaya,Guess The Buwaya,Pending,,,,,,,,,,https://github.com/miniapp-factory/guess-the-buwaya,https://guess-the-buwaya.miniapp-factory.marketplace.openxai.network,
,guess-the-corrupt,Guess The Corrupt,Pending,,,,,,,,,,https://github.com/miniapp-factory/guess-the-corrupt,https://guess-the-corrupt.miniapp-factory.marketplace.openxai.network,
568,guesstheflag,Guesstheflag,Active,4,Identify country flags by guessing the country from the flag image.,2025-11-22T08:44:06Z,2025-11-25T16:09:47.088791,,Yes,Yes,Yes,1,https://github.com/miniapp-factory/guesstheflag,https://guesstheflag.miniapp-factory.marketplace.openxai.network,Utility
569,gyyt,Gyyt,Active,4,"A secure, multi‑currency crypto wallet with advanced features like biometric login, hardware wallet integration, and transaction analytics.",2025-11-22T20:16:56Z,2025-11-25T16:11:18.354278,,Yes,Yes,Yes,1,https://github.com/miniapp-factory/gyyt,https://gyyt.miniapp-factory.marketplace.openxai.network,"Crypto, Portfolio"
,habit-tracker,Habit Tracker,Pending,,,,,,,,,,https://github.com/miniapp-factory/habit-tracker,https://habit-tracker.miniapp-factory.marketplace.openxai.network,
570,hacktip,Hacktip,Active,4,Generate a daily productivity hack to boost your efficiency.,2025-11-22T15:26:15Z,2025-11-25T16:11:18.354278,,Yes,Yes,Yes,1,https://github.com/miniapp-factory/hacktip,https://hacktip.miniapp-factory.marketplace.openxai.network,Generator
251,had-tail,Had Tail,Active,6,"Generate heads or tails for your random decisions with a simple, intuitive interface.",2025-11-20T15:15:59Z,2025-11-24T23:14:32.222489,,Yes,Yes,Yes,2,https://github.com/miniapp-factory/had-tail,https://had-tail.miniapp-factory.marketplace.openxai.network,Generator
571,hangmanmini,Hangmanmini,Active,4,Guess letters to reveal the hidden word.,2025-11-22T08:40:16Z,2025-11-25T16:11:18.354278,,Yes,Yes,Yes,1,https://github.com/miniapp-factory/hangmanmini,https://hangmanmini.miniapp-factory.marketplace.openxai.network,Game
572,harry,Harry,Active,4,Find out which animal you are most similar to with our fun quiz!,2025-11-20T16:48:21Z,2025-11-25T16:11:18.354278,,Yes,Yes,Yes,1,https://github.com/miniapp-factory/harry,https://harry.miniapp-factory.marketplace.openxai.network,"Education, Quiz, Social"
252,harry-quiz,Harry Quiz,Active,6,Find out how similar you are to Harry Potter!,2025-11-22T17:09:11Z,2025-11-24T23:14:32.222489,,Yes,Yes,Yes,1,https://github.com/miniapp-factory/harry-quiz,https://harry-quiz.miniapp-factory.marketplace.openxai.network,"Education, Quiz, Social"
,hash-cast,Hash Cast,Pending,,,,,,,,,,https://github.com/miniapp-factory/hash-cast,https://hash-cast.miniapp-factory.marketplace.openxai.network,
,hatch,Hatch,Pending,,,,,,,,,,https://github.com/miniapp-factory/hatch,https://hatch.miniapp-factory.marketplace.openxai.network,
573,hedas,Hedas,Active,4,"Hedas is a mini web-application that enables users to upload, share, and download essays.",2025-11-20T20:47:10Z,2025-11-25T16:11:18.354278,,Yes,Yes,Yes,1,https://github.com/miniapp-factory/hedas,https://hedas.miniapp-factory.marketplace.openxai.network,"Crypto, DeFi, Education, Language Learning, Social"
299,hendal,Hendal,Active,5,"An app that displays metrics for Farcaster users, similar to Dune.",2025-11-20T21:14:54Z,2025-11-25T00:03:12.859514,,Yes,Yes,Yes,1,https://github.com/miniapp-factory/hendal,https://hendal.miniapp-factory.marketplace.openxai.network,Game
574,henri,Henri,Active,4,A simple flashcard quiz app built with Next.js and shadcn components.,2025-11-21T15:59:44Z,2025-11-25T16:11:18.354278,,Yes,Yes,Yes,1,https://github.com/miniapp-factory/henri,https://henri.miniapp-factory.marketplace.openxai.network,Education
575,henry,Henry,Active,4,An example mini app built with Next.js and Shadcn components.,2025-11-22T02:00:47Z,2025-11-25T16:14:04.553805,,Yes,Yes,Yes,1,https://github.com/miniapp-factory/henry,https://henry.miniapp-factory.marketplace.openxai.network,Utility
,henyo,Henyo,Pending,,,,,,,,,,https://github.com/miniapp-factory/henyo,https://henyo.miniapp-factory.marketplace.openxai.network,
576,hero,Hero,Active,4,A simple ping‑pong game built with Next.js and shadcn components.,2025-11-20T18:14:08Z,2025-11-25T16:14:04.553805,,Yes,Yes,Yes,1,https://github.com/miniapp-factory/hero,https://hero.miniapp-factory.marketplace.openxai.network,Game
577,heyjoe,Heyjoe,Active,4,Find out which animal you are most similar to with our fun quiz!,2025-11-22T09:15:42Z,2025-11-25T16:14:04.553805,,Yes,Yes,Yes,1,https://github.com/miniapp-factory/heyjoe,https://heyjoe.miniapp-factory.marketplace.openxai.network,"Education, Quiz, Social"
578,hhambrs,Hhambrs,Active,4,Spin the slot machine and win fruit combos!,2025-11-21T03:55:36Z,2025-11-25T16:14:04.553805,,Yes,Yes,Yes,1,https://github.com/miniapp-factory/hhambrs,https://hhambrs.miniapp-factory.marketplace.openxai.network,"Casino, Social"
579,hiddenobjectfinder,Hiddenobjectfinder,Active,4,An app that suggests books based on your goals and interests.,2025-11-23T02:12:20Z,2025-11-25T16:14:04.553805,,Yes,Yes,Yes,1,https://github.com/miniapp-factory/hiddenobjectfinder,https://hiddenobjectfinder.miniapp-factory.marketplace.openxai.network,Utility
237,high-five,High Five,Active,7,Earn High Five coins by logging in daily and sharing High Fives with friends via FID. Quests are rewarded with High Five coins.,2025-11-20T23:07:08Z,2025-11-24T23:14:32.222489,,Yes,Yes,Yes,2,https://github.com/miniapp-factory/high-five,https://high-five.miniapp-factory.marketplace.openxai.network,"Airdrop, Crypto, Tracker"
78,highlowguess,Highlowguess,Active,4,Suggests playlists based on mood or event.,2025-11-23T12:26:44Z,2025-11-24T17:03:11.689790,,Yes,Yes,Yes,1,https://github.com/miniapp-factory/highlowguess,https://highlowguess.miniapp-factory.marketplace.openxai.network,Game
,hilderose,Hilderose,Pending,,,,,,,,,,https://github.com/miniapp-factory/hilderose,https://hilderose.miniapp-factory.marketplace.openxai.network,
580,hima,Hima,Active,4,Find out which animal you are most like with our fun quiz!,2025-11-20T19:09:58Z,2025-11-25T16:14:04.553805,,Yes,Yes,Yes,1,https://github.com/miniapp-factory/hima,https://hima.miniapp-factory.marketplace.openxai.network,"Education, Quiz, Social"
581,historical,Historical,Active,4,"Discover historical events, inventions, and birthdays of your chosen day, plus a motivational message.",2025-11-20T18:36:15Z,2025-11-25T16:16:41.272906,,Yes,Yes,Yes,1,https://github.com/miniapp-factory/historical,https://historical.miniapp-factory.marketplace.openxai.network,"AI, Platformer, Social"
582,historyquizmini,Historyquizmini,Active,4,Answer history questions with ease.,2025-11-22T08:39:57Z,2025-11-25T16:16:41.272906,,Yes,Yes,Yes,1,https://github.com/miniapp-factory/historyquizmini,https://historyquizmini.miniapp-factory.marketplace.openxai.network,Other
583,hit-game,Hit Game,Active,4,"Remiit is a Web3 Telegram mini‑app that lets Nigerians in the UK, US, Canada, Germany, and elsewhere send money home instantly at real black‑market...",2025-11-21T13:48:28Z,2025-11-25T16:16:41.272906,,Yes,Yes,Yes,1,https://github.com/miniapp-factory/hit-game,https://hit-game.miniapp-factory.marketplace.openxai.network,"Game, Social"
584,hndratz,Hndratz,Active,4,"Allows someone to find out which animal (cat, dog, fox, hamster, horse) they are most similar to by answering 5 multiple.",2025-11-21T03:30:36Z,2025-11-25T16:16:41.272906,,Yes,Yes,Yes,1,https://github.com/miniapp-factory/hndratz,https://hndratz.miniapp-factory.marketplace.openxai.network,"Education, Quiz, Social"
114,holiday-viewer,Holiday Viewer,Active,16,"Search and book holidays, hotels, and flights.",2025-11-20T20:48:49Z,2025-11-24T23:14:32.222489,,Yes,Yes,Yes,8,https://github.com/miniapp-factory/holiday-viewer,https://holiday-viewer.miniapp-factory.marketplace.openxai.network,Utility
585,horoscopeai,Horoscopeai,Active,4,Give today's horoscope for {zodiac sign}.,2025-11-20T16:10:08Z,2025-11-25T16:16:41.272906,,Yes,Yes,Yes,1,https://github.com/miniapp-factory/horoscopeai,https://horoscopeai.miniapp-factory.marketplace.openxai.network,Utility
,hourse-racing,Hourse Racing,Pending,,,,,,,,,,https://github.com/miniapp-factory/hourse-racing,https://hourse-racing.miniapp-factory.marketplace.openxai.network,
9,how-much-to-dca,How Much To Dca,Active,12,A calculator to help you determine how much to invest to reach a target average price or to calculate your new average price based on available funds.,2025-11-24T18:17:49Z,2025-11-24T16:26:11.206743,,Yes,Yes,Yes,4,https://github.com/miniapp-factory/how-much-to-dca,https://how-much-to-dca.miniapp-factory.marketplace.openxai.network,"Finance, Game, Social"
586,hrfty,Hrfty,Active,4,"An app to control a robot arm via serial, ROS, or SDK APIs.",2025-11-21T11:40:37Z,2025-11-25T16:16:41.272906,,Yes,Yes,Yes,1,https://github.com/miniapp-factory/hrfty,https://hrfty.miniapp-factory.marketplace.openxai.network,Game
48,hub,Hub,Active,5,Play the classic 2048 game right in the Mini App Factory!,2025-11-23T08:30:04Z,2025-11-24T17:03:11.689790,,Yes,Yes,Yes,1,https://github.com/miniapp-factory/hub,https://hub.miniapp-factory.marketplace.openxai.network,"Puzzle, Social"
79,hungryfishmini,Hungryfishmini,Active,4,A versatile template for personal or business applications built with Mini App Factory.,2025-11-23T02:57:01Z,2025-11-24T17:03:11.689790,,Yes,Yes,Yes,1,https://github.com/miniapp-factory/hungryfishmini,https://hungryfishmini.miniapp-factory.marketplace.openxai.network,Other
587,ideaspark,Ideaspark,Active,4,"IdeaSpark helps users generate creative ideas, slogans, and titles using AI.",2025-11-20T15:23:46Z,2025-11-25T16:19:11.517391,,Yes,Yes,Yes,1,https://github.com/miniapp-factory/ideaspark,https://ideaspark.miniapp-factory.marketplace.openxai.network,Generator
588,idleresourcebuilder,Idleresourcebuilder,Active,4,Collect resources and upgrade.,2025-11-22T08:45:10Z,2025-11-25T16:19:11.517391,,Yes,Yes,Yes,1,https://github.com/miniapp-factory/idleresourcebuilder,https://idleresourcebuilder.miniapp-factory.marketplace.openxai.network,Generator
893,iftier,Iftier,Active,2,"Allows someone to find out which animal (cat, dog, fox, hamster, horse) they are most similar to by answering 5 multiple.",2025-11-21T21:34:40Z,2025-11-25T16:19:11.517391,,Yes,Yes,Yes,1,https://github.com/miniapp-factory/iftier,https://iftier.miniapp-factory.marketplace.openxai.network,"Education, Quiz, Social"
253,ilcheck,Ilcheck,Active,6,A calculator to evaluate impermanent loss for liquidity providers in DeFi.,2025-11-20T19:22:52Z,2025-11-24T23:14:32.222489,,Yes,Yes,Yes,1,https://github.com/miniapp-factory/ilcheck,https://ilcheck.miniapp-factory.marketplace.openxai.network,"Calculator, Crypto, DeFi, Finance, Trading"
152,imagine,Imagine,Active,8,Mint a $1.25 NFT featuring your Warplet as an action figure toy with equipment blisters.,2025-11-20T21:00:33Z,2025-11-24T23:14:32.222489,,Yes,Yes,Yes,2,https://github.com/miniapp-factory/imagine,https://imagine.miniapp-factory.marketplace.openxai.network,Crypto
589,imback07,Imback07,Active,4,Discover which animal you resemble most with our fun quiz!,2025-11-21T07:06:33Z,2025-11-25T16:19:11.517391,,Yes,Yes,Yes,1,https://github.com/miniapp-factory/imback07,https://imback07.miniapp-factory.marketplace.openxai.network,"Education, Quiz, Social"
238,inayah,Inayah,Active,7,"Play the classic 2048 game in this mini app, share your score, and enjoy the challenge.",2025-11-22T14:02:35Z,2025-11-24T23:14:32.222489,,Yes,Yes,Yes,2,https://github.com/miniapp-factory/inayah,https://inayah.miniapp-factory.marketplace.openxai.network,"Puzzle, Social"
590,inessik,Inessik,Active,4,"A gentle, supportive app that blends learning, habit building, and community warmth to nurture personal growth.",2025-11-20T23:58:12Z,2025-11-25T16:19:11.517391,,Yes,Yes,Yes,1,https://github.com/miniapp-factory/inessik,https://inessik.miniapp-factory.marketplace.openxai.network,"AI, AI Chat, Chat, Education, Fitness, Health, Language Learning, Platformer, Social"
,infinite-ai-trivia,Infinite Ai Trivia,Inactive,8,Infinite Ai Trivia mini app on Mini App Factory,2025-11-25T04:52:48Z,2025-11-26T13:38:44.562365,,Yes,Yes,No,0,https://github.com/miniapp-factory/infinite-ai-trivia,https://infinite-ai-trivia.miniapp-factory.marketplace.openxai.network,Inactive
591,instant-invoicegenerator,Instant Invoicegenerator,Active,4,Create professional invoices quickly.,2025-11-22T08:38:08Z,2025-11-25T16:22:13.045558,,Yes,Yes,Yes,1,https://github.com/miniapp-factory/instant-invoicegenerator,https://instant-invoicegenerator.miniapp-factory.marketplace.openxai.network,Generator
592,internal,Internal,Active,4,An app that displays price information.,2025-11-22T20:12:06Z,2025-11-25T16:22:13.045558,,Yes,Yes,Yes,1,https://github.com/miniapp-factory/internal,https://internal.miniapp-factory.marketplace.openxai.network,Game
593,internal-business-faqbot,Internal Business Faqbot,Active,4,This app answers common questions for small teams.,2025-11-22T08:37:18Z,2025-11-25T16:22:13.045558,,Yes,Yes,Yes,1,https://github.com/miniapp-factory/internal-business-faqbot,https://internal-business-faqbot.miniapp-factory.marketplace.openxai.network,Utility
,intramurals-management-tools,Intramurals Management Tools,Pending,,,,,,,,,,https://github.com/miniapp-factory/intramurals-management-tools,https://intramurals-management-tools.miniapp-factory.marketplace.openxai.network,
594,inventory,Inventory,Active,4,"A lightweight inventory management app with add, edit, delete, search, and low‑stock alerts.",2025-11-20T18:32:17Z,2025-11-25T16:22:13.045558,,Yes,Yes,Yes,1,https://github.com/miniapp-factory/inventory,https://inventory.miniapp-factory.marketplace.openxai.network,Utility
595,irisout,Irisout,Active,4,Play the classic 2048 game in the Mini App Factory!,2025-11-20T16:01:18Z,2025-11-25T16:22:13.045558,,Yes,Yes,Yes,1,https://github.com/miniapp-factory/irisout,https://irisout.miniapp-factory.marketplace.openxai.network,"Puzzle, Social"
596,ismail,Ismail,Active,4,Spin and win with fruit slots!,2025-11-20T19:30:13Z,2025-11-25T16:22:13.045558,,Yes,Yes,Yes,1,https://github.com/miniapp-factory/ismail,https://ismail.miniapp-factory.marketplace.openxai.network,"Casino, Social"
597,jambo,Jambo,Active,4,Daily random challenges and mini adventures to spark creativity and growth.,2025-11-20T21:22:44Z,2025-11-25T16:22:13.045558,,Yes,Yes,Yes,1,https://github.com/miniapp-factory/jambo,https://jambo.miniapp-factory.marketplace.openxai.network,"Card Game, Education, Fitness, Health, Language Learning, Social"
598,jancok,Jancok,Active,4,Find out which animal you are most similar to with our fun quiz!,2025-11-21T00:15:10Z,2025-11-25T16:22:13.045558,,Yes,Yes,Yes,1,https://github.com/miniapp-factory/jancok,https://jancok.miniapp-factory.marketplace.openxai.network,"Education, Quiz, Social"
,japanquiz,Japanquiz,Pending,,,,,,,,,,https://github.com/miniapp-factory/japanquiz,https://japanquiz.miniapp-factory.marketplace.openxai.network,
599,jedu,Jedu,Active,4,"Jedu is a mini-application that enables users to share, exchange, or donate surplus food items within their local community, reducing food waste...",2025-11-20T20:38:44Z,2025-11-25T16:23:25.880513,,Yes,Yes,Yes,1,https://github.com/miniapp-factory/jedu,https://jedu.miniapp-factory.marketplace.openxai.network,"AI Chat, Alert, Crypto, DeFi, Social"
894,jee,Jee,Active,2,"Allows someone to find out which animal (cat, dog, fox, hamster, horse) they are most similar to by answering 5 multiple.",2025-11-20T16:49:02Z,2025-11-25T16:23:25.880513,,Yes,Yes,Yes,1,https://github.com/miniapp-factory/jee,https://jee.miniapp-factory.marketplace.openxai.network,"Education, Quiz, Social"
895,jetpackrunner,Jetpackrunner,Default,2,Creates concise takeaways.,2025-11-23T02:49:38Z,2025-11-24T17:13:16.323357,,Yes,Yes,Yes,1,https://github.com/miniapp-factory/jetpackrunner,https://jetpackrunner.miniapp-factory.marketplace.openxai.network,Utility
600,jevie,Jevie,Active,4,An AI assistant that helps students with all aspects of university studies.,2025-11-22T09:08:29Z,2025-11-25T16:23:25.880513,,Yes,Yes,Yes,1,https://github.com/miniapp-factory/jevie,https://jevie.miniapp-factory.marketplace.openxai.network,"AI, AI Chat, Chat"
153,jgh,Jgh,Active,8,Find out which animal you are most similar to!,2025-11-20T19:30:57Z,2025-11-24T23:14:32.222489,,Yes,Yes,Yes,2,https://github.com/miniapp-factory/jgh,https://jgh.miniapp-factory.marketplace.openxai.network,"Education, Quiz, Social"
,jiji,Jiji,Inactive,5,SearchReplaceNoExactMatch: This SEARCH block failed to exactly match lines in mini-app/components/share.tsx,2025-11-24T12:24:30Z,2025-11-26T13:38:44.562365,,Yes,Yes,Yes,2,https://github.com/miniapp-factory/jiji,https://jiji.miniapp-factory.marketplace.openxai.network,Inactive
300,jj,Jj,Active,5,Take the quiz to find out which animal you are most similar to and share your result!,2025-11-20T17:49:13Z,2025-11-25T00:03:12.859514,,Yes,Yes,Yes,1,https://github.com/miniapp-factory/jj,https://jj.miniapp-factory.marketplace.openxai.network,"Education, Quiz, Social"
601,jokebot,Jokebot,Active,4,A simple app that generates random jokes based on a topic.,2025-11-20T15:19:50Z,2025-11-25T16:23:25.880513,,Yes,Yes,Yes,1,https://github.com/miniapp-factory/jokebot,https://jokebot.miniapp-factory.marketplace.openxai.network,Generator
602,jokemaker,Jokemaker,Active,4,Generate puns and jokes about any topic.,2025-11-20T16:39:46Z,2025-11-25T16:27:19.500937,,Yes,Yes,Yes,1,https://github.com/miniapp-factory/jokemaker,https://jokemaker.miniapp-factory.marketplace.openxai.network,Generator
896,jokeoftheday,Jokeoftheday,Active,2,Generate a fresh joke about {topic}.,2025-11-20T16:13:31Z,2025-11-25T16:27:19.500937,,Yes,Yes,Yes,1,https://github.com/miniapp-factory/jokeoftheday,https://jokeoftheday.miniapp-factory.marketplace.openxai.network,Generator
603,jonvit,Jonvit,Active,4,Spin the fruit slot machine and share your wins on Farcaster!,2025-11-21T19:24:51Z,2025-11-25T16:27:19.500937,,Yes,Yes,Yes,1,https://github.com/miniapp-factory/jonvit,https://jonvit.miniapp-factory.marketplace.openxai.network,"Casino, Social"
897,journalmind,Journalmind,Active,2,An AI-powered tool that helps with mini app factory app.,2025-11-20T18:57:45Z,2025-11-25T16:27:19.500937,,Yes,Yes,Yes,1,https://github.com/miniapp-factory/journalmind,https://journalmind.miniapp-factory.marketplace.openxai.network,"AI, Finance"
123,jumping-dot,Jumping Dot,Active,12,A simple 2D side‑scrolling game where a bouncing dot jumps over obstacles to survive as long as possible.,2025-11-22T22:26:02Z,2025-11-24T23:14:32.222489,,Yes,Yes,Yes,4,https://github.com/miniapp-factory/jumping-dot,https://jumping-dot.miniapp-factory.marketplace.openxai.network,"Education, Language Learning, Platformer"
604,jyotitech,Jyotitech,Active,4,Find out which animal you are most similar to by answering a fun quiz!,2025-11-20T16:42:46Z,2025-11-25T16:27:19.500937,,Yes,Yes,Yes,1,https://github.com/miniapp-factory/jyotitech,https://jyotitech.miniapp-factory.marketplace.openxai.network,"Education, Quiz, Social"
605,kalk,Kalk,Active,4,A creative platform for building and sharing modular mini apps.,2025-11-21T10:49:34Z,2025-11-25T16:27:19.500937,,Yes,Yes,Yes,1,https://github.com/miniapp-factory/kalk,https://kalk.miniapp-factory.marketplace.openxai.network,Utility
7,kanikani,Kanikani,Active,1,"Slot machine with 3 columns and 3 rows, each slot contains one fruit.",2025-11-25T09:15:15Z,2025-11-24T16:26:11.206743,,Yes,Yes,Yes,19,https://github.com/miniapp-factory/kanikani,https://kanikani.miniapp-factory.marketplace.openxai.network,"Casino, Social"
301,karman,Karman,Active,5,"A decentralized marketplace for minting, buying, selling, and auctioning NFTs.",2025-11-22T20:55:31Z,2025-11-25T00:03:12.859514,,Yes,Yes,Yes,1,https://github.com/miniapp-factory/karman,https://karman.miniapp-factory.marketplace.openxai.network,"Crypto, Portfolio, Social"
606,kazuro,Kazuro,Active,4,Spin the slot machine and win fruit combos!,2025-11-20T16:26:38Z,2025-11-25T16:41:19.415614,,Yes,Yes,Yes,1,https://github.com/miniapp-factory/kazuro,https://kazuro.miniapp-factory.marketplace.openxai.network,"Casino, Social"
607,kelso,Kelso,Active,4,Real‑time crypto news analysis and market position predictions.,2025-11-20T18:24:28Z,2025-11-25T16:41:19.415614,,Yes,Yes,Yes,1,https://github.com/miniapp-factory/kelso,https://kelso.miniapp-factory.marketplace.openxai.network,Crypto
608,keyback,Keyback,Active,4,"An AI-powered, AR/VR-enabled, blockchain-integrated platform delivering real-time predictive analytics, interactive visualizations, and smart...",2025-11-20T23:16:34Z,2025-11-25T16:41:19.415614,,Yes,Yes,Yes,1,https://github.com/miniapp-factory/keyback,https://keyback.miniapp-factory.marketplace.openxai.network,"AI, Education, Language Learning, Platformer, Social"
609,kg,Kg,Active,4,This app helps you convert various data types and units effortlessly.,2025-11-22T11:14:18Z,2025-11-25T16:41:19.415614,,Yes,Yes,Yes,1,https://github.com/miniapp-factory/kg,https://kg.miniapp-factory.marketplace.openxai.network,Utility
,khyzycyriljhiaardiente,Khyzycyriljhiaardiente,Pending,,,,,,,,,,https://github.com/miniapp-factory/khyzycyriljhiaardiente,https://khyzycyriljhiaardiente.miniapp-factory.marketplace.openxai.network,
610,kiklab,Kiklab,Active,4,An internet laboratory environment where medical diseases are accurately diagnosed.,2025-11-21T14:16:00Z,2025-11-25T16:41:19.415614,,Yes,Yes,Yes,1,https://github.com/miniapp-factory/kiklab,https://kiklab.miniapp-factory.marketplace.openxai.network,Utility
611,kilo,Kilo,Active,4,A peer‑to‑peer platform for swapping gadgets quickly and safely.,2025-11-20T20:31:05Z,2025-11-25T16:41:19.415614,,Yes,Yes,Yes,1,https://github.com/miniapp-factory/kilo,https://kilo.miniapp-factory.marketplace.openxai.network,"AI Chat, Finance, Platformer, Social"
612,kimo,Kimo,Active,4,A secure wallet that allows users to create a wallet with a unique seed phrase and password.,2025-11-21T21:08:07Z,2025-11-25T16:42:16.307192,,Yes,Yes,Yes,1,https://github.com/miniapp-factory/kimo,https://kimo.miniapp-factory.marketplace.openxai.network,"Crypto, Portfolio"
613,kinetica,Kinetica,Active,4,Spin the slot machine and win fruit combos!,2025-11-21T01:06:54Z,2025-11-25T16:42:16.307192,,Yes,Yes,Yes,1,https://github.com/miniapp-factory/kinetica,https://kinetica.miniapp-factory.marketplace.openxai.network,"Casino, Social"
614,kk01,Kk01,Active,4,Spin the slots and win with colorful fruit!,2025-11-20T17:13:33Z,2025-11-25T16:42:16.307192,,Yes,Yes,Yes,1,https://github.com/miniapp-factory/kk01,https://kk01.miniapp-factory.marketplace.openxai.network,"Casino, Social"
20,klark,Klark,Active,18,A decentralized voting and polling tool built with Next.js and shadcn components.,2025-11-23T07:21:17Z,2025-11-24T17:03:11.689790,,Yes,Yes,Yes,6,https://github.com/miniapp-factory/klark,https://klark.miniapp-factory.marketplace.openxai.network,Game
615,kopmaster,Kopmaster,Active,4,Play the classic 2048 game and share your score!,2025-11-20T16:18:46Z,2025-11-25T16:42:16.307192,,Yes,Yes,Yes,1,https://github.com/miniapp-factory/kopmaster,https://kopmaster.miniapp-factory.marketplace.openxai.network,"Puzzle, Social"
898,kowshik,Kowshik,Active,2,An AI-powered tool that helps with mini app factory app.,2025-11-21T08:50:51Z,2025-11-25T16:42:16.307192,,Yes,Yes,Yes,1,https://github.com/miniapp-factory/kowshik,https://kowshik.miniapp-factory.marketplace.openxai.network,AI
616,kreator,Kreator,Active,4,Play the classic 2048 game in the Mini App Factory!,2025-11-21T04:47:56Z,2025-11-25T16:42:16.307192,,Yes,Yes,Yes,1,https://github.com/miniapp-factory/kreator,https://kreator.miniapp-factory.marketplace.openxai.network,"Puzzle, Social"
617,krespo,Krespo,Active,4,"A community-driven platform for exchanging, gifting, and requesting accessories and jewelry.",2025-11-20T20:59:06Z,2025-11-25T16:47:43.253860,,Yes,Yes,Yes,1,https://github.com/miniapp-factory/krespo,https://krespo.miniapp-factory.marketplace.openxai.network,"AI Chat, Platformer, Social"
618,ktnn,Ktnn,Active,4,Play the classic 2048 game in a mini app.,2025-11-20T17:58:09Z,2025-11-25T16:47:43.253860,,Yes,Yes,Yes,1,https://github.com/miniapp-factory/ktnn,https://ktnn.miniapp-factory.marketplace.openxai.network,"Puzzle, Social"
80,kukufame1,Kukufame1,Active,4,Reward for task - a mini app built by Mini App Factory.,2025-11-23T05:59:38Z,2025-11-24T17:04:25.521800,,Yes,Yes,Yes,1,https://github.com/miniapp-factory/kukufame1,https://kukufame1.miniapp-factory.marketplace.openxai.network,Other
,laiz,Laiz,Pending,,,,,,,,,,https://github.com/miniapp-factory/laiz,https://laiz.miniapp-factory.marketplace.openxai.network,
619,language-learningassistant,Language Learningassistant,Active,4,"Helps users learn vocabulary, grammar, and speaking via chatbot.",2025-11-22T02:04:13Z,2025-11-25T16:47:43.253860,,Yes,Yes,Yes,1,https://github.com/miniapp-factory/language-learningassistant,https://language-learningassistant.miniapp-factory.marketplace.openxai.network,"AI, Chat, Education, Language Learning"
254,languagetutor,Languagetutor,Active,6,Learn a phrase in a language with example sentences.,2025-11-20T15:50:17Z,2025-11-24T23:14:32.222489,,Yes,Yes,Yes,1,https://github.com/miniapp-factory/languagetutor,https://languagetutor.miniapp-factory.marketplace.openxai.network,"Education, Language Learning"
302,laptop,Laptop,Active,5,Play the classic 2048 game and share your score.,2025-11-20T18:20:32Z,2025-11-25T00:03:12.859514,,Yes,Yes,Yes,1,https://github.com/miniapp-factory/laptop,https://laptop.miniapp-factory.marketplace.openxai.network,"Puzzle, Social"
,late-for-class,Late For Class,Inactive,6,Late For Class mini app on Mini App Factory,2025-11-25T13:37:49Z,2025-11-26T13:38:44.562365,,Yes,Yes,No,0,https://github.com/miniapp-factory/late-for-class,https://late-for-class.miniapp-factory.marketplace.openxai.network,Inactive
620,laubig,Laubig,Active,4,"Explore history interactively with timelines, what‑if scenarios, and artifact collections.",2025-11-20T22:10:48Z,2025-11-25T16:47:43.253860,,Yes,Yes,Yes,1,https://github.com/miniapp-factory/laubig,https://laubig.miniapp-factory.marketplace.openxai.network,"AI, Education, Platformer"
239,law-bridge,Law Bridge,Active,7,"A social platform for Haitian Creole speakers to share short videos, photos, music, chat, and voice conversations.",2025-11-20T21:19:00Z,2025-11-24T23:14:32.222489,,Yes,Yes,Yes,2,https://github.com/miniapp-factory/law-bridge,https://law-bridge.miniapp-factory.marketplace.openxai.network,"AI Chat, Platformer, Social"
621,layer-2activity,Layer 2Activity,Active,4,"Layer-2 Activity Dashboard provides real-time insights into user activity, transaction volume, and network performance on popular Layer-2 solutions.",2025-11-20T21:33:58Z,2025-11-25T16:47:43.253860,,Yes,Yes,Yes,1,https://github.com/miniapp-factory/layer-2activity,https://layer-2activity.miniapp-factory.marketplace.openxai.network,"Alert, Crypto, Tracker, Trading"
622,layer-2fee,Layer 2Fee,Active,4,Description: Layer-2 Fee Tracker helps crypto users save money and time by providing real-time insights into transaction fees across popular.,2025-11-20T20:44:40Z,2025-11-25T16:47:43.253860,,Yes,Yes,Yes,1,https://github.com/miniapp-factory/layer-2fee,https://layer-2fee.miniapp-factory.marketplace.openxai.network,"Game, Tracker"
623,layerzerobridgetracker,Layerzerobridgetracker,Active,4,LayerZero Bridge Tracker is a Mini App that monitors asset transfers across LayerZero-enabled bridges in real time.,2025-11-22T10:04:21Z,2025-11-25T16:47:43.253860,,Yes,Yes,Yes,1,https://github.com/miniapp-factory/layerzerobridgetracker,https://layerzerobridgetracker.miniapp-factory.marketplace.openxai.network,"Game, Tracker"
624,layk,Layk,Active,4,"A mobile app that enhances the school experience for students, teachers, and parents by combining learning, organization, and communication in one...",2025-11-21T00:55:24Z,2025-11-25T16:47:43.253860,,Yes,Yes,Yes,1,https://github.com/miniapp-factory/layk,https://layk.miniapp-factory.marketplace.openxai.network,"AI, Education, Language Learning, Social"
154,learn-lang,Learn Lang,Active,8,"A fun, colorful quiz app that helps you learn languages with card flips, word fill‑in, and gamified levels.",2025-11-22T14:41:30Z,2025-11-24T23:14:32.222489,,Yes,Yes,Yes,3,https://github.com/miniapp-factory/learn-lang,https://learn-lang.miniapp-factory.marketplace.openxai.network,"Education, Language Learning, Quiz, Social, Tracker"
35,learn-tagalog,Learn Tagalog,Active,12,Learn Tagalog with fun flashcards and quizzes for English speakers.,2025-11-23T10:36:24Z,2025-11-24T17:04:25.521800,,Yes,Yes,Yes,5,https://github.com/miniapp-factory/learn-tagalog,https://learn-tagalog.miniapp-factory.marketplace.openxai.network,"Education, Language Learning, Quiz"
,learn2earn,Learn2Earn,Pending,,,,,,,,,,https://github.com/miniapp-factory/learn2earn,https://learn2earn.miniapp-factory.marketplace.openxai.network,
625,legal-riskevaluator,Legal Riskevaluator,Active,4,An app that offers general insights about described situations.,2025-11-22T08:38:24Z,2025-11-25T16:47:43.253860,,Yes,Yes,Yes,1,https://github.com/miniapp-factory/legal-riskevaluator,https://legal-riskevaluator.miniapp-factory.marketplace.openxai.network,Utility
626,let-it-grow,Let It Grow,Active,4,"A productivity and well-being app that uses a gamified virtual garden to track and motivate users in achieving personal goals, completing tasks,...",2025-11-20T17:22:45Z,2025-11-25T16:47:43.253860,,Yes,Yes,Yes,1,https://github.com/miniapp-factory/let-it-grow,https://let-it-grow.miniapp-factory.marketplace.openxai.network,"Education, Fitness, Game, Health, Language Learning, Social"
627,let-me-in,Let Me In,Active,4,Embark on a thrilling maze puzzle where you must choose the correct path to escape the mysterious machine and win the victory music!,2025-11-22T09:11:52Z,2025-11-25T16:47:43.253860,,Yes,Yes,Yes,1,https://github.com/miniapp-factory/let-me-in,https://let-me-in.miniapp-factory.marketplace.openxai.network,Puzzle
628,library,Library,Active,4,Spin the slot machine and win fruit combos!,2025-11-22T01:52:58Z,2025-11-25T16:47:43.253860,,Yes,Yes,Yes,1,https://github.com/miniapp-factory/library,https://library.miniapp-factory.marketplace.openxai.network,"Casino, Social"
629,licvid,Licvid,Active,4,Track market liquidity in real time.,2025-11-21T06:58:54Z,2025-11-25T16:53:33.120304,,Yes,Yes,Yes,1,https://github.com/miniapp-factory/licvid,https://licvid.miniapp-factory.marketplace.openxai.network,Tracker
81,linedrawdefense,Linedrawdefense,Active,4,Create catchy lyrics and hooks effortlessly with our mini app.,2025-11-23T03:08:23Z,2025-11-24T17:04:25.521800,,Yes,Yes,Yes,1,https://github.com/miniapp-factory/linedrawdefense,https://linedrawdefense.miniapp-factory.marketplace.openxai.network,Generator
630,liqhunter,Liqhunter,Active,4,Estimate potential liquidation clusters from open interest data to predict price bounce points.,2025-11-20T19:18:27Z,2025-11-25T16:53:33.120304,,Yes,Yes,Yes,1,https://github.com/miniapp-factory/liqhunter,https://liqhunter.miniapp-factory.marketplace.openxai.network,Utility
631,liquiditymining,Liquiditymining,Active,4,"Track real-time liquidity mining rewards, APYs, and upcoming distributions across DeFi platforms.",2025-11-20T21:56:07Z,2025-11-25T16:53:33.120304,,Yes,Yes,Yes,1,https://github.com/miniapp-factory/liquiditymining,https://liquiditymining.miniapp-factory.marketplace.openxai.network,"Finance, Platformer, Tracker"
632,liquiditypoolmonitor,Liquiditypoolmonitor,Active,4,Liquidity Pool Monitor is a Mini App that tracks liquidity pools on decentralized exchanges in real time.,2025-11-20T18:08:03Z,2025-11-25T16:53:33.120304,,Yes,Yes,Yes,1,https://github.com/miniapp-factory/liquiditypoolmonitor,https://liquiditypoolmonitor.miniapp-factory.marketplace.openxai.network,"Alert, Crypto, DeFi, Tracker"
,little-frog,Little Frog,Inactive,0,Little Frog mini app on Mini App Factory,2025-11-26T13:16:21.731375,2025-11-26T13:38:44.562365,,Yes,Yes,No,0,https://github.com/miniapp-factory/little-frog,https://little-frog.miniapp-factory.marketplace.openxai.network,Inactive
,lodebina,Lodebina,Pending,,,,,,,,,,https://github.com/miniapp-factory/lodebina,https://lodebina.miniapp-factory.marketplace.openxai.network,
633,logo-maker,Logo Maker,Active,4,An AI-powered tool that helps with logo maker.,2025-11-22T20:18:16Z,2025-11-25T16:53:33.120304,,Yes,Yes,Yes,1,https://github.com/miniapp-factory/logo-maker,https://logo-maker.miniapp-factory.marketplace.openxai.network,"AI, AI Generator"
634,lokas,Lokas,Active,4,"A platform for users to exchange, buy, or sell auto parts in their local area.",2025-11-20T21:03:11Z,2025-11-25T16:53:33.120304,,Yes,Yes,Yes,1,https://github.com/miniapp-factory/lokas,https://lokas.miniapp-factory.marketplace.openxai.network,"AI Chat, Education, Language Learning, Platformer, Social"
635,loner,Loner,Active,4,Spin the slot machine and win fruit combos!,2025-11-20T16:29:57Z,2025-11-25T17:01:49.618779,,Yes,Yes,Yes,1,https://github.com/miniapp-factory/loner,https://loner.miniapp-factory.marketplace.openxai.network,"Casino, Social"
636,long-term-goalplanner,Long Term Goalplanner,Active,4,Breaks big goals into small actionable steps.,2025-11-22T04:23:00Z,2025-11-25T17:01:49.618779,,Yes,Yes,Yes,1,https://github.com/miniapp-factory/long-term-goalplanner,https://long-term-goalplanner.miniapp-factory.marketplace.openxai.network,Utility
637,lotusflo,Lotusflo,Active,4,Play the fruit slot machine and share your wins!,2025-11-20T15:06:54Z,2025-11-25T17:01:49.618779,,Yes,Yes,Yes,1,https://github.com/miniapp-factory/lotusflo,https://lotusflo.miniapp-factory.marketplace.openxai.network,"Casino, Social"
82,love-hotel,Love Hotel,Active,4,Discover your Love Hotel energy with our fun quiz!,2025-11-23T03:24:22Z,2025-11-24T17:04:25.521800,,Yes,Yes,Yes,1,https://github.com/miniapp-factory/love-hotel,https://love-hotel.miniapp-factory.marketplace.openxai.network,"Education, Quiz, Social"
934,lucky,Lucky,Active,1,Play Rock Paper Scissors against the computer.,2025-11-20T20:34:35Z,2025-11-25T17:01:49.618779,,Yes,Yes,No,0,https://github.com/miniapp-factory/lucky,https://lucky.miniapp-factory.marketplace.openxai.network,Game
,lucky-spin,Lucky Spin,Inactive,4,Lucky Spin mini app on Mini App Factory,2025-11-24T11:46:13Z,2025-11-26T13:38:44.562365,,Yes,Yes,No,0,https://github.com/miniapp-factory/lucky-spin,https://lucky-spin.miniapp-factory.marketplace.openxai.network,Inactive
638,luckycharm,Luckycharm,Active,4,Wishing you good luck today!,2025-11-22T15:50:38Z,2025-11-25T17:01:49.618779,,Yes,Yes,Yes,1,https://github.com/miniapp-factory/luckycharm,https://luckycharm.miniapp-factory.marketplace.openxai.network,Utility
639,luckynumber,Luckynumber,Active,4,Generate a lucky number and learn why it,2025-11-22T15:47:17Z,2025-11-25T17:01:49.618779,,Yes,Yes,Yes,1,https://github.com/miniapp-factory/luckynumber,https://luckynumber.miniapp-factory.marketplace.openxai.network,"Education, Generator, Language Learning"
105,lunch-time,Lunch Time,Active,25,"Find recipes, calories, and export PDFs with ease. Scan or type ingredients to get instant cooking ideas.",2025-11-21T09:43:09Z,2025-11-24T23:14:32.222489,,Yes,Yes,Yes,7,https://github.com/miniapp-factory/lunch-time,https://lunch-time.miniapp-factory.marketplace.openxai.network,Utility
640,madhuritech,Madhuritech,Active,4,Find out which animal you are most similar to with our fun quiz!,2025-11-20T16:36:10Z,2025-11-25T17:02:39.316262,,Yes,Yes,Yes,1,https://github.com/miniapp-factory/madhuritech,https://madhuritech.miniapp-factory.marketplace.openxai.network,"Education, Quiz, Social"
641,madler,Madler,Active,4,Generate creative product names for your company with customizable parameters.,2025-11-20T19:15:03Z,2025-11-25T17:02:39.316262,,Yes,Yes,Yes,1,https://github.com/miniapp-factory/madler,https://madler.miniapp-factory.marketplace.openxai.network,Generator
642,magic8ball,Magic8Ball,Active,4,Answer the user,2025-11-20T15:32:05Z,2025-11-25T17:02:39.316262,,Yes,Yes,Yes,1,https://github.com/miniapp-factory/magic8ball,https://magic8ball.miniapp-factory.marketplace.openxai.network,Utility
643,mahanteck,Mahanteck,Active,4,Take the quiz to find out which animal you are most like!,2025-11-20T16:34:36Z,2025-11-25T17:02:39.316262,,Yes,Yes,Yes,1,https://github.com/miniapp-factory/mahanteck,https://mahanteck.miniapp-factory.marketplace.openxai.network,"Education, Quiz, Social"
644,make-a-mini-game-to-play-fun-with-animation-and-sounds,Make A Mini Game To Play Fun With Animation And Sounds,Active,4,Spin the slot machine and win fruit combos!,2025-11-20T18:32:54Z,2025-11-25T17:02:39.316262,,Yes,Yes,Yes,1,https://github.com/miniapp-factory/make-a-mini-game-to-play-fun-with-animation-and-sounds,https://make-a-mini-game-to-play-fun-with-animation-and-sounds.miniapp-factory.marketplace.openxai.network,"Casino, Social"
935,makeover,Makeover,Active,1,An AI-powered tool that helps with mini app factory app.,2025-11-22T08:21:35Z,2025-11-25T17:02:39.316262,,Yes,Yes,No,0,https://github.com/miniapp-factory/makeover,https://makeover.miniapp-factory.marketplace.openxai.network,AI
645,maliknote,Maliknote,Active,4,Spin the fruits and win big with the Fruit Slot Machine app!,2025-11-20T18:12:06Z,2025-11-25T17:09:59.909453,,Yes,Yes,Yes,1,https://github.com/miniapp-factory/maliknote,https://maliknote.miniapp-factory.marketplace.openxai.network,"Casino, Social"
646,man,Man,Active,4,A program to help you save money.,2025-11-21T08:39:03Z,2025-11-25T17:04:05.624413,,Yes,Yes,Yes,1,https://github.com/miniapp-factory/man,https://man.miniapp-factory.marketplace.openxai.network,Finance
1,mangala,Mangala,Active,10,Play Turkish Mangala in the Mini App Factory!,2025-11-23T21:13:38Z,2025-11-24T16:30:55.398786,,Yes,Yes,Yes,2,https://github.com/miniapp-factory/mangala,https://mangala.miniapp-factory.marketplace.openxai.network,"Game, Social, Tracker"
647,manic,Manic,Active,4,NailPro: Nail salon management and client engagement app.,2025-11-20T19:49:23Z,2025-11-25T17:09:59.909453,,Yes,Yes,Yes,1,https://github.com/miniapp-factory/manic,https://manic.miniapp-factory.marketplace.openxai.network,"AI Chat, Alert, Crypto, Finance, Portfolio, Social, Tracker"
648,manual-roi-tracker,Manual Roi Tracker,Active,4,Create a simple app where users can manually calculate their ROI (Return on Investment).,2025-11-21T18:11:34Z,2025-11-25T17:09:59.909453,,Yes,Yes,Yes,1,https://github.com/miniapp-factory/manual-roi-tracker,https://manual-roi-tracker.miniapp-factory.marketplace.openxai.network,"Finance, Game, Tracker"
649,manual-token-tagger,Manual Token Tagger,Active,4,Create a simple app where users can manually tag tokens with custom labels.,2025-11-21T18:54:48Z,2025-11-25T17:09:59.909453,,Yes,Yes,Yes,1,https://github.com/miniapp-factory/manual-token-tagger,https://manual-token-tagger.miniapp-factory.marketplace.openxai.network,Game
650,map,Map,Active,4,A simple map application.,2025-11-22T20:30:19Z,2025-11-25T17:09:59.909453,,Yes,Yes,Yes,1,https://github.com/miniapp-factory/map,https://map.miniapp-factory.marketplace.openxai.network,Utility
899,maps,Maps,Active,2,"Програма для вгадування країн по порапору, контуру і тд.",2025-11-20T19:53:18Z,2025-11-25T17:24:41.977410,,Yes,Yes,Yes,1,https://github.com/miniapp-factory/maps,https://maps.miniapp-factory.marketplace.openxai.network,Utility
651,maptapgeo,Maptapgeo,Active,4,Tap the correct region on the map to test your knowledge.,2025-11-22T08:42:36Z,2025-11-25T17:24:41.977410,,Yes,Yes,Yes,1,https://github.com/miniapp-factory/maptapgeo,https://maptapgeo.miniapp-factory.marketplace.openxai.network,Utility
652,marex,Marex,Active,4,"Програма, що допомагає батькам, коли у них з",2025-11-20T20:19:55Z,2025-11-25T17:24:41.977410,,Yes,Yes,Yes,1,https://github.com/miniapp-factory/marex,https://marex.miniapp-factory.marketplace.openxai.network,Utility
6,mario,Mario,Active,21,"Play a side‑scrolling emoji Mario game with jumping, power‑ups, fireballs, enemies, and a flag pole finish.",2025-11-24T05:08:17Z,2025-11-24T13:56:57.547145,,Yes,Yes,Yes,10,https://github.com/miniapp-factory/mario,https://mario.miniapp-factory.marketplace.openxai.network,Platformer
900,market-mood-log,Market Mood Log,Active,2,"Market Mood Log — App Description

Create a simple mini app called “Market Mood Log”.",2025-11-21T14:55:25Z,2025-11-25T17:24:41.977410,,Yes,Yes,Yes,1,https://github.com/miniapp-factory/market-mood-log,https://market-mood-log.miniapp-factory.marketplace.openxai.network,Card Game
303,marp-app,Marp App,Active,5,Take the quiz to discover which animal you are most similar to and share your result!,2025-11-21T11:49:48Z,2025-11-25T00:03:12.859514,,Yes,Yes,Yes,1,https://github.com/miniapp-factory/marp-app,https://marp-app.miniapp-factory.marketplace.openxai.network,"Education, Quiz, Social"
304,master-piace,Master Piace,Active,5,Find out which animal you are most similar to with our fun quiz!,2025-11-21T11:22:37Z,2025-11-25T00:03:12.859514,,Yes,Yes,Yes,1,https://github.com/miniapp-factory/master-piace,https://master-piace.miniapp-factory.marketplace.openxai.network,"Education, Quiz, Social"
83,match3battle,Match3Battle,Active,4,An app that lets users trade or borrow items.,2025-11-23T03:04:04Z,2025-11-24T17:04:25.521800,,Yes,Yes,Yes,1,https://github.com/miniapp-factory/match3battle,https://match3battle.miniapp-factory.marketplace.openxai.network,Utility
653,math-tutor,Math Tutor,Active,4,This app solves math problems with step-by-step explanations.,2025-11-22T02:41:47Z,2025-11-25T17:24:41.977410,,Yes,Yes,Yes,1,https://github.com/miniapp-factory/math-tutor,https://math-tutor.miniapp-factory.marketplace.openxai.network,Utility
654,max,Max,Active,4,Play a fruit slot machine and share your wins!,2025-11-20T15:23:51Z,2025-11-25T17:25:55.449703,,Yes,Yes,Yes,1,https://github.com/miniapp-factory/max,https://max.miniapp-factory.marketplace.openxai.network,"Casino, Social"
655,maxi,Maxi,Active,4,This app was created by the Maxi Mini App Factory!,2025-11-20T15:51:52Z,2025-11-25T17:30:25.308632,,Yes,Yes,Yes,1,https://github.com/miniapp-factory/maxi,https://maxi.miniapp-factory.marketplace.openxai.network,Utility
656,maxxz,Maxxz,Active,4,Play a fruit slot machine and share your wins!,2025-11-22T02:21:18Z,2025-11-25T17:30:25.308632,,Yes,Yes,Yes,1,https://github.com/miniapp-factory/maxxz,https://maxxz.miniapp-factory.marketplace.openxai.network,"Casino, Social"
901,mazapp,Mazapp,Active,2,"Allows someone to find out which animal (cat, dog, fox, hamster, horse) they are most similar to by answering 5 multiple.",2025-11-20T18:52:05Z,2025-11-25T17:30:25.308632,,Yes,Yes,Yes,1,https://github.com/miniapp-factory/mazapp,https://mazapp.miniapp-factory.marketplace.openxai.network,"Education, Quiz, Social"
657,mazeescapemini,Mazeescapemini,Active,4,Escape the maze before time runs out.,2025-11-22T08:43:09Z,2025-11-25T17:30:25.308632,,Yes,Yes,Yes,1,https://github.com/miniapp-factory/mazeescapemini,https://mazeescapemini.miniapp-factory.marketplace.openxai.network,Other
,mdot,Mdot,Pending,,,,,,,,,,https://github.com/miniapp-factory/mdot,https://mdot.miniapp-factory.marketplace.openxai.network,
305,me,Me,Active,5,"Allows someone to find out which animal (cat, dog, fox, hamster, horse) they are most similar to by answering 5 multiple.",2025-11-20T17:01:30Z,2025-11-25T00:03:12.859514,,Yes,Yes,Yes,1,https://github.com/miniapp-factory/me,https://me.miniapp-factory.marketplace.openxai.network,"Education, Quiz, Social"
658,mealplanner,Mealplanner,Active,4,Generate a weekly meal plan with recipes based on user preferences.,2025-11-20T15:19:47Z,2025-11-25T17:31:57.860476,,Yes,Yes,Yes,1,https://github.com/miniapp-factory/mealplanner,https://mealplanner.miniapp-factory.marketplace.openxai.network,Generator
659,meeting-assistant,Meeting Assistant,Active,4,This app creates summaries and action items after meetings.,2025-11-22T08:37:23Z,2025-11-25T17:33:16.078715,,Yes,Yes,Yes,1,https://github.com/miniapp-factory/meeting-assistant,https://meeting-assistant.miniapp-factory.marketplace.openxai.network,AI
660,megadon,Megadon,Active,4,Play a fun slot machine with fruits and share your wins!,2025-11-22T16:04:08Z,2025-11-25T17:33:16.078715,,Yes,Yes,Yes,1,https://github.com/miniapp-factory/megadon,https://megadon.miniapp-factory.marketplace.openxai.network,"Casino, Social"
661,mejic,Mejic,Active,4,Програма для налаштування музичних інструментів,2025-11-20T18:54:08Z,2025-11-25T17:33:16.078715,,Yes,Yes,Yes,1,https://github.com/miniapp-factory/mejic,https://mejic.miniapp-factory.marketplace.openxai.network,Utility
306,melltoy,Melltoy,Active,5,Discover which animal you resemble most with our fun quiz!,2025-11-20T15:15:28Z,2025-11-25T00:03:12.859514,,Yes,Yes,Yes,1,https://github.com/miniapp-factory/melltoy,https://melltoy.miniapp-factory.marketplace.openxai.network,"Education, Quiz, Social"
,meme-bonanza,Meme Bonanza,Pending,,,,,,,,,,https://github.com/miniapp-factory/meme-bonanza,https://meme-bonanza.miniapp-factory.marketplace.openxai.network,
662,meme-launchpad,Meme Launchpad,Active,4,"Develop a meme coin launchpad on Base using steep bonding curves for fair launches – anyone uploads a meme + name, it auto-deploys with liquidity.",2025-11-21T00:58:56Z,2025-11-25T17:33:16.078715,,Yes,Yes,Yes,1,https://github.com/miniapp-factory/meme-launchpad,https://meme-launchpad.miniapp-factory.marketplace.openxai.network,Social
663,meme-prophet-arena,Meme Prophet Arena,Active,4,"An addictive Telegram mini‑app on Base where users battle prophetic memes, stake USDC/ETH, earn airdrops and rare NFT crowns, with deep...",2025-11-22T01:04:46Z,2025-11-25T17:40:47.369582,,Yes,Yes,Yes,1,https://github.com/miniapp-factory/meme-prophet-arena,https://meme-prophet-arena.miniapp-factory.marketplace.openxai.network,"Card Game, Social"
902,memecaption,Memecaption,Active,2,Generate a funny caption for a meme about topic.,2025-11-20T16:28:36Z,2025-11-25T17:40:47.369582,,Yes,Yes,Yes,1,https://github.com/miniapp-factory/memecaption,https://memecaption.miniapp-factory.marketplace.openxai.network,Generator
664,mememaker,Mememaker,Active,4,Generate hilarious crypto memes with a single click!,2025-11-20T15:13:56Z,2025-11-25T17:40:47.369582,,Yes,Yes,Yes,1,https://github.com/miniapp-factory/mememaker,https://mememaker.miniapp-factory.marketplace.openxai.network,Crypto
912,memequote,Memequote,Active,4,A fun app that generates meme-worthy quotes.,2025-11-20T16:18:03Z,2025-11-25T17:40:47.369582,,Yes,Yes,No,0,https://github.com/miniapp-factory/memequote,https://memequote.miniapp-factory.marketplace.openxai.network,Generator
865,memes,Memes,Active,3,A fun and engaging meme‑sharing app for everyone.,2025-11-20T19:55:54Z,2025-11-25T17:40:47.369582,,Yes,Yes,Yes,1,https://github.com/miniapp-factory/memes,https://memes.miniapp-factory.marketplace.openxai.network,"Platformer, Social"
,memory-breaker-quest-of-pairs,Memory Breaker Quest Of Pairs,Pending,,,,,,,,,,https://github.com/miniapp-factory/memory-breaker-quest-of-pairs,https://memory-breaker-quest-of-pairs.miniapp-factory.marketplace.openxai.network,
,memory-match-card,Memory Match Card,Pending,,,,,,,,,,https://github.com/miniapp-factory/memory-match-card,https://memory-match-card.miniapp-factory.marketplace.openxai.network,
,memory-tiles,Memory Tiles,Inactive,0,Memory Tiles mini app on Mini App Factory,2025-11-26T13:16:21.731470,2025-11-26T13:38:44.562365,,Yes,Yes,No,0,https://github.com/miniapp-factory/memory-tiles,https://memory-tiles.miniapp-factory.marketplace.openxai.network,Inactive
665,mental-healt-app,Mental Healt App,Active,4,"A gentle, empathetic mini‑app for mental well‑being, offering check‑ins, self‑care suggestions, and a safe space to explore emotions.",2025-11-20T14:29:33Z,2025-11-25T17:44:51.908984,,Yes,Yes,Yes,1,https://github.com/miniapp-factory/mental-healt-app,https://mental-healt-app.miniapp-factory.marketplace.openxai.network,"Fitness, Health, Social"
666,metaks,Metaks,Active,4,"A Gen Z oriented mobile app for short-form content, events, and AI-powered personalization.",2025-11-20T19:12:02Z,2025-11-25T17:44:51.908984,,Yes,Yes,Yes,1,https://github.com/miniapp-factory/metaks,https://metaks.miniapp-factory.marketplace.openxai.network,"AI, AI Chat, Chat, Education, Platformer, Social"
903,meteordodger,Meteordodger,Default,2,Turns numbers into charts with explanations.,2025-11-23T02:42:43Z,2025-11-24T17:13:16.323357,,Yes,Yes,Yes,1,https://github.com/miniapp-factory/meteordodger,https://meteordodger.miniapp-factory.marketplace.openxai.network,Utility
667,mev-attack-monitor,Mev Attack Monitor,Active,4,MEV Attack Monitor is a Mini App that tracks potential MEV-related risks across blockchain networks.,2025-11-22T12:41:34Z,2025-11-25T17:44:51.908984,,Yes,Yes,Yes,1,https://github.com/miniapp-factory/mev-attack-monitor,https://mev-attack-monitor.miniapp-factory.marketplace.openxai.network,"Alert, Crypto, DeFi, Finance, Tracker, Trading"
668,mgbase,Mgbase,Active,4,An app to help build and grow communities.,2025-11-20T16:14:44Z,2025-11-25T17:44:51.908984,,Yes,Yes,Yes,1,https://github.com/miniapp-factory/mgbase,https://mgbase.miniapp-factory.marketplace.openxai.network,"Generator, Social"
669,micross,Micross,Active,4,"AgroGrow helps farmers and gardeners manage crops, soil, irrigation, and health with AI-driven insights and data analytics.",2025-11-20T19:28:20Z,2025-11-25T17:44:51.908984,,Yes,Yes,Yes,1,https://github.com/miniapp-factory/micross,https://micross.miniapp-factory.marketplace.openxai.network,"AI, Fitness, Health, Platformer"
133,mind-game,Mind Game,Active,10,"Play GemSlide Fusion, a 5×5 gem merging puzzle game where you merge tiles to reach 1024.",2025-11-21T11:46:47Z,2025-11-24T23:14:32.222489,,Yes,Yes,Yes,3,https://github.com/miniapp-factory/mind-game,https://mind-game.miniapp-factory.marketplace.openxai.network,"Puzzle, Social"
49,minecraft,Minecraft,Active,5,A simple 3D cube that can be rotated with mouse or touch.,2025-11-23T05:11:28Z,2025-11-24T17:07:36.212532,,Yes,Yes,Yes,1,https://github.com/miniapp-factory/minecraft,https://minecraft.miniapp-factory.marketplace.openxai.network,Utility
,minesweeper,Minesweeper,Inactive,0,Minesweeper mini app on Mini App Factory,2025-11-26T13:16:21.731496,2025-11-26T13:38:44.562365,,Yes,Yes,No,0,https://github.com/miniapp-factory/minesweeper,https://minesweeper.miniapp-factory.marketplace.openxai.network,Inactive
255,mini-app-factory-guide,Mini App Factory Guide,Active,6,A beginner‑friendly guide to creating your first mini app with the Base Mini App Factory.,2025-11-20T15:13:21Z,2025-11-24T23:14:32.222489,,Yes,Yes,Yes,1,https://github.com/miniapp-factory/mini-app-factory-guide,https://mini-app-factory-guide.miniapp-factory.marketplace.openxai.network,"AI, AI Chat, Chat, Education, Language Learning"
670,mini-kanbanboard,Mini Kanbanboard,Active,4,A simple workflow management tool for individuals.,2025-11-22T04:22:44Z,2025-11-25T17:46:56.138688,,Yes,Yes,Yes,1,https://github.com/miniapp-factory/mini-kanbanboard,https://mini-kanbanboard.miniapp-factory.marketplace.openxai.network,Utility
936,mini-store,Mini Store,Active,1,An AI-powered tool that helps with mini app factory app.,2025-11-22T08:21:50Z,2025-11-25T17:46:56.138688,,Yes,Yes,No,0,https://github.com/miniapp-factory/mini-store,https://mini-store.miniapp-factory.marketplace.openxai.network,AI
671,miniapp,Miniapp,Active,4,Play the slot machine and share your wins!,2025-11-20T16:10:50Z,2025-11-25T17:46:56.138688,,Yes,Yes,Yes,1,https://github.com/miniapp-factory/miniapp,https://miniapp.miniapp-factory.marketplace.openxai.network,"Casino, Social"
84,minibowling,Minibowling,Active,4,An app that recommends marketing strategies and channels.,2025-11-23T02:40:44Z,2025-11-24T17:07:36.212532,,Yes,Yes,Yes,1,https://github.com/miniapp-factory/minibowling,https://minibowling.miniapp-factory.marketplace.openxai.network,Other
937,minicar,Minicar,Active,1,An AI-powered tool that helps with mini app factory app.,2025-11-20T16:18:07Z,2025-11-25T17:46:56.138688,,Yes,Yes,No,0,https://github.com/miniapp-factory/minicar,https://minicar.miniapp-factory.marketplace.openxai.network,AI
672,minidapp,Minidapp,Active,4,"An interactive mobile game where you photograph unusual objects, places, or scenes and craft imaginative stories around them.",2025-11-21T00:03:58Z,2025-11-25T17:46:56.138688,,Yes,Yes,Yes,1,https://github.com/miniapp-factory/minidapp,https://minidapp.miniapp-factory.marketplace.openxai.network,"Game, Social"
673,minigame,Minigame,Active,4,Take the quiz to discover which animal you resemble most and share your result!,2025-11-20T16:37:23Z,2025-11-25T17:46:56.138688,,Yes,Yes,Yes,1,https://github.com/miniapp-factory/minigame,https://minigame.miniapp-factory.marketplace.openxai.network,"Education, Quiz, Social"
85,minigolfshot,Minigolfshot,Active,4,Tracks clients and follow-ups.,2025-11-23T02:34:54Z,2025-11-24T17:07:36.212532,,Yes,Yes,Yes,1,https://github.com/miniapp-factory/minigolfshot,https://minigolfshot.miniapp-factory.marketplace.openxai.network,Tracker
,minimath,Minimath,Pending,,,,,,,,,,https://github.com/miniapp-factory/minimath,https://minimath.miniapp-factory.marketplace.openxai.network,
86,miniminesweeper,Miniminesweeper,Active,4,"This app helps with essays, research papers, and abstracts.",2025-11-23T02:59:57Z,2025-11-24T17:07:36.212532,,Yes,Yes,Yes,1,https://github.com/miniapp-factory/miniminesweeper,https://miniminesweeper.miniapp-factory.marketplace.openxai.network,Utility
27,minions,Minions,Active,4,Find out which animal you are most similar to with our fun quiz!,2025-11-23T16:03:32Z,2025-11-24T16:30:55.398786,,Yes,Yes,Yes,1,https://github.com/miniapp-factory/minions,https://minions.miniapp-factory.marketplace.openxai.network,"Education, Quiz, Social"
674,minitowerdefense,Minitowerdefense,Active,4,A tower defense game where you place towers to stop enemies.,2025-11-22T08:47:44Z,2025-11-25T17:49:17.895352,,Yes,Yes,Yes,1,https://github.com/miniapp-factory/minitowerdefense,https://minitowerdefense.miniapp-factory.marketplace.openxai.network,Game
675,mishu,Mishu,Active,4,Play the fruit slot machine and share your wins!,2025-11-20T18:54:08Z,2025-11-25T17:49:17.895352,,Yes,Yes,Yes,1,https://github.com/miniapp-factory/mishu,https://mishu.miniapp-factory.marketplace.openxai.network,"Casino, Social"
307,misscrypto,Misscrypto,Active,5,Play the classic 2048 game in a mini app.,2025-11-20T16:06:29Z,2025-11-25T00:03:12.859514,,Yes,Yes,Yes,1,https://github.com/miniapp-factory/misscrypto,https://misscrypto.miniapp-factory.marketplace.openxai.network,"Puzzle, Social"
676,mistake-log,Mistake Log,Active,4,Create a simple app where users can record their trading or investment mistakes and review them later.,2025-11-22T09:20:22Z,2025-11-25T17:49:17.895352,,Yes,Yes,Yes,1,https://github.com/miniapp-factory/mistake-log,https://mistake-log.miniapp-factory.marketplace.openxai.network,"Education, Finance, Game, Language Learning, Tracker"
677,mmiimyonce,Mmiimyonce,Active,4,An AI-powered tool that helps with amazing app.,2025-11-20T19:05:54Z,2025-11-25T17:49:17.895352,,Yes,Yes,Yes,1,https://github.com/miniapp-factory/mmiimyonce,https://mmiimyonce.miniapp-factory.marketplace.openxai.network,AI
308,mobile,Mobile,Active,5,"Allows someone to find out which animal (cat, dog, fox, hamster, horse) they are most similar to by answering 5 multiple.",2025-11-20T18:25:00Z,2025-11-25T09:03:46.652010,,Yes,Yes,Yes,1,https://github.com/miniapp-factory/mobile,https://mobile.miniapp-factory.marketplace.openxai.network,"Education, Quiz, Social"
938,momories-in-nft,Momories In Nft,Active,1,An AI-powered tool that helps with mini app factory app.,2025-11-21T13:27:58Z,2025-11-25T17:49:17.895352,,Yes,Yes,No,0,https://github.com/miniapp-factory/momories-in-nft,https://momories-in-nft.miniapp-factory.marketplace.openxai.network,"AI, Crypto"
240,monarch,Monarch,Active,7,Play 2048 in the Mini App Factory.,2025-11-21T21:32:53Z,2025-11-24T23:14:32.222489,,Yes,Yes,Yes,2,https://github.com/miniapp-factory/monarch,https://monarch.miniapp-factory.marketplace.openxai.network,"Puzzle, Social"
678,money,Money,Active,4,A simple app to simulate a coin toss between heads and tails.,2025-11-21T15:59:23Z,2025-11-25T17:51:46.448875,,Yes,Yes,Yes,1,https://github.com/miniapp-factory/money,https://money.miniapp-factory.marketplace.openxai.network,Finance
679,moneyguru,Moneyguru,Active,4,Get practical tips to save money daily.,2025-11-22T15:38:54Z,2025-11-25T17:51:46.448875,,Yes,Yes,Yes,1,https://github.com/miniapp-factory/moneyguru,https://moneyguru.miniapp-factory.marketplace.openxai.network,Finance
680,monkey,Monkey,Active,4,"This app showcases a large, fat-bodied ape in a vibrant jungle setting.",2025-11-22T18:45:27Z,2025-11-25T17:50:36.569564,,Yes,Yes,Yes,1,https://github.com/miniapp-factory/monkey,https://monkey.miniapp-factory.marketplace.openxai.network,Utility
309,moodbooster,Moodbooster,Active,5,A short motivational message to boost your mood!,2025-11-20T15:45:30Z,2025-11-25T09:03:46.652010,,Yes,Yes,Yes,1,https://github.com/miniapp-factory/moodbooster,https://moodbooster.miniapp-factory.marketplace.openxai.network,Utility
681,moodcolor,Moodcolor,Active,4,Convert your mood into a color and description.,2025-11-22T15:43:56Z,2025-11-25T17:51:46.448875,,Yes,Yes,Yes,1,https://github.com/miniapp-factory/moodcolor,https://moodcolor.miniapp-factory.marketplace.openxai.network,Utility
682,moodemoji,Moodemoji,Active,4,Convert your mood into a funny emoji sequence.,2025-11-20T16:27:47Z,2025-11-25T17:51:46.448875,,Yes,Yes,Yes,1,https://github.com/miniapp-factory/moodemoji,https://moodemoji.miniapp-factory.marketplace.openxai.network,Utility
866,moodkin,Moodkin,Active,3,"Super simple Base Mini App called ""MoodPal.",2025-11-20T21:10:15Z,2025-11-25T17:52:48.015035,,Yes,Yes,Yes,2,https://github.com/miniapp-factory/moodkin,https://moodkin.miniapp-factory.marketplace.openxai.network,Utility
108,moodpal,Moodpal,Active,20,Generate a chibi avatar based on your mood with MoodPal.,2025-11-21T00:47:28Z,2025-11-24T23:14:32.222489,,Yes,Yes,Yes,7,https://github.com/miniapp-factory/moodpal,https://moodpal.miniapp-factory.marketplace.openxai.network,"Crypto, Portfolio"
683,moodreader,Moodreader,Active,4,Type your mood and receive personalized advice and an emoji.,2025-11-22T15:20:23Z,2025-11-25T17:54:03.559336,,Yes,Yes,Yes,1,https://github.com/miniapp-factory/moodreader,https://moodreader.miniapp-factory.marketplace.openxai.network,Generator
684,moodsnack,Moodsnack,Active,4,Suggests snacks based on your current mood.,2025-11-22T15:48:27Z,2025-11-25T17:54:03.559336,,Yes,Yes,Yes,1,https://github.com/miniapp-factory/moodsnack,https://moodsnack.miniapp-factory.marketplace.openxai.network,Utility
310,moodsong,Moodsong,Active,5,Suggests songs based on user emotion,2025-11-22T15:36:54Z,2025-11-25T09:03:46.652010,,Yes,Yes,Yes,1,https://github.com/miniapp-factory/moodsong,https://moodsong.miniapp-factory.marketplace.openxai.network,Utility
685,motivation,Motivation,Active,4,"A tool to evaluate betting odds, calculate implied probability, and assess expected value.",2025-11-20T18:40:11Z,2025-11-25T17:54:03.559336,,Yes,Yes,Yes,1,https://github.com/miniapp-factory/motivation,https://motivation.miniapp-factory.marketplace.openxai.network,"Education, Platformer"
,moto-customize,Moto Customize,Pending,,,,,,,,,,https://github.com/miniapp-factory/moto-customize,https://moto-customize.miniapp-factory.marketplace.openxai.network,
,mouse-escape,Mouse Escape,Inactive,0,Mouse Escape mini app on Mini App Factory,2025-11-26T13:16:21.731550,2025-11-26T13:38:44.562365,,Yes,Yes,No,0,https://github.com/miniapp-factory/mouse-escape,https://mouse-escape.miniapp-factory.marketplace.openxai.network,Inactive
,mouse-hunt,Mouse Hunt,Inactive,0,Mouse Hunt mini app on Mini App Factory,2025-11-26T13:16:21.731552,2025-11-26T13:38:44.562365,,Yes,Yes,No,0,https://github.com/miniapp-factory/mouse-hunt,https://mouse-hunt.miniapp-factory.marketplace.openxai.network,Inactive
311,movierecommender,Movierecommender,Active,5,Suggests three movies based on a selected genre.,2025-11-20T16:14:26Z,2025-11-25T09:03:46.652010,,Yes,Yes,Yes,1,https://github.com/miniapp-factory/movierecommender,https://movierecommender.miniapp-factory.marketplace.openxai.network,Utility
312,msender,Msender,Active,5,Spin the slot machine and win fruit prizes!,2025-11-21T12:00:40Z,2025-11-25T09:03:46.652010,,Yes,Yes,Yes,1,https://github.com/miniapp-factory/msender,https://msender.miniapp-factory.marketplace.openxai.network,"Casino, Social"
686,multi-signactivityradar,Multi Signactivityradar,Active,4,Monitors multisig (multi-signature) contract activity across chains.,2025-11-22T20:26:52Z,2025-11-25T17:54:03.559336,,Yes,Yes,Yes,1,https://github.com/miniapp-factory/multi-signactivityradar,https://multi-signactivityradar.miniapp-factory.marketplace.openxai.network,"Alert, Crypto, Tracker"
313,musicfinder,Musicfinder,Active,5,Suggests songs based on your vibe.,2025-11-22T15:32:32Z,2025-11-25T17:55:19.290449,,Yes,Yes,Yes,1,https://github.com/miniapp-factory/musicfinder,https://musicfinder.miniapp-factory.marketplace.openxai.network,Utility
904,musicnotememory,Musicnotememory,Active,2,Repeat musical notes.,2025-11-22T08:39:50Z,2025-11-25T17:59:27.397878,,Yes,Yes,Yes,1,https://github.com/miniapp-factory/musicnotememory,https://musicnotememory.miniapp-factory.marketplace.openxai.network,Utility
939,must-halve,Must Halve,Active,1,An AI-powered tool that helps with mini app factory app.,2025-11-22T08:22:59Z,2025-11-25T17:59:27.397878,,Yes,Yes,No,0,https://github.com/miniapp-factory/must-halve,https://must-halve.miniapp-factory.marketplace.openxai.network,AI
,my,My,Pending,,,,,,,,,,https://github.com/miniapp-factory/my,https://my.miniapp-factory.marketplace.openxai.network,
687,my-box,My Box,Active,4,Цей додаток допомагає користувачам знаходити несправності автомобіля та шукати рішення на різних автофорумах за допомогою GPT.,2025-11-20T17:56:50Z,2025-11-25T17:59:27.397878,,Yes,Yes,Yes,1,https://github.com/miniapp-factory/my-box,https://my-box.miniapp-factory.marketplace.openxai.network,AI
,my-cutesey,My Cutesey,Inactive,4,My Cutesey mini app on Mini App Factory,2025-11-24T11:33:49Z,2025-11-26T13:38:44.562365,,Yes,Yes,No,0,https://github.com/miniapp-factory/my-cutesey,https://my-cutesey.miniapp-factory.marketplace.openxai.network,Inactive
256,my-test-app,My Test App,Active,6,Discover which animal you are most like by answering a fun quiz!,2025-11-21T09:14:48Z,2025-11-24T23:14:32.222489,,Yes,Yes,Yes,1,https://github.com/miniapp-factory/my-test-app,https://my-test-app.miniapp-factory.marketplace.openxai.network,"Education, Quiz, Social"
688,myfirstapp,Myfirstapp,Active,4,Find out which animal you are most similar to by answering a fun quiz!,2025-11-20T15:55:13Z,2025-11-25T17:59:27.397878,,Yes,Yes,Yes,1,https://github.com/miniapp-factory/myfirstapp,https://myfirstapp.miniapp-factory.marketplace.openxai.network,"Education, Quiz, Social"
689,mygabi4,Mygabi4,Active,4,"An app that visualizes wardrobe items and suggests clothing based on weather, location, events, and mood.",2025-11-20T19:35:44Z,2025-11-25T18:00:10.992381,,Yes,Yes,Yes,1,https://github.com/miniapp-factory/mygabi4,https://mygabi4.miniapp-factory.marketplace.openxai.network,Other
17,myminiapp,Myminiapp,Active,7,"An interactive, educational game that lets users train AI, learn machine learning concepts, and collaborate in fun challenges.",2025-11-24T01:24:29Z,2025-11-24T16:30:55.398786,,Yes,Yes,Yes,2,https://github.com/miniapp-factory/myminiapp,https://myminiapp.miniapp-factory.marketplace.openxai.network,"Education, Game, Language Learning, Tracker"
690,myself,Myself,Active,4,Automated trading bot that opens reverse positions in long and short strategies.,2025-11-20T19:59:47Z,2025-11-25T18:00:10.992381,,Yes,Yes,Yes,1,https://github.com/miniapp-factory/myself,https://myself.miniapp-factory.marketplace.openxai.network,"Platformer, Social"
691,mysticmawarmerah,Mysticmawarmerah,Active,4,Play the classic 2048 game in a mini app.,2025-11-22T08:54:50Z,2025-11-25T18:04:12.605174,,Yes,Yes,Yes,1,https://github.com/miniapp-factory/mysticmawarmerah,https://mysticmawarmerah.miniapp-factory.marketplace.openxai.network,"Puzzle, Social"
692,name,Name,Active,4,"A web application for creating, editing, and visualizing family trees.",2025-11-20T20:02:58Z,2025-11-25T18:04:12.605174,,Yes,Yes,Yes,1,https://github.com/miniapp-factory/name,https://name.miniapp-factory.marketplace.openxai.network,"AI, Platformer, Social"
257,namegenerator,Namegenerator,Active,6,Generate funny nicknames for your friends with a simple web app.,2025-11-20T15:38:01Z,2025-11-24T23:14:32.222489,,Yes,Yes,Yes,1,https://github.com/miniapp-factory/namegenerator,https://namegenerator.miniapp-factory.marketplace.openxai.network,Generator
693,naught-oooo,Naught Oooo,Active,4,"Enjoy creative, colorful puzzle games that are fun and pleasant to play.",2025-11-22T09:11:17Z,2025-11-25T18:04:12.605174,,Yes,Yes,Yes,1,https://github.com/miniapp-factory/naught-oooo,https://naught-oooo.miniapp-factory.marketplace.openxai.network,Puzzle
694,nba-quiz,Nba Quiz,Active,4,Test your knowledge of NBA history and players with a timed quiz and leaderboard!,2025-11-21T08:11:46Z,2025-11-25T18:04:12.605174,,Yes,Yes,Yes,1,https://github.com/miniapp-factory/nba-quiz,https://nba-quiz.miniapp-factory.marketplace.openxai.network,"Education, Quiz, Social"
695,neko,Neko,Active,4,An app for football fans to exchange memorabilia securely and easily.,2025-11-20T20:53:40Z,2025-11-25T18:04:12.605174,,Yes,Yes,Yes,1,https://github.com/miniapp-factory/neko,https://neko.miniapp-factory.marketplace.openxai.network,"AI Chat, Card Game, Finance, Social"
940,neprox,Neprox,Default,1,An AI-powered tool that helps with mini app factory app.,2025-11-23T18:29:47Z,2025-11-24T17:13:16.323357,,Yes,Yes,No,0,https://github.com/miniapp-factory/neprox,https://neprox.miniapp-factory.marketplace.openxai.network,AI
696,nesle,Nesle,Active,4,Spin and win with fruit slots!,2025-11-20T18:18:23Z,2025-11-25T18:04:12.605174,,Yes,Yes,Yes,1,https://github.com/miniapp-factory/nesle,https://nesle.miniapp-factory.marketplace.openxai.network,"Casino, Social"
241,neuroweave,Neuroweave,Active,7,"An on-device privacy-first app that records your dreams, builds a predictive dream graph, offers lucid dream scripts, weekly forecasts, and...",2025-11-21T08:03:37Z,2025-11-24T23:14:32.222489,,Yes,Yes,Yes,2,https://github.com/miniapp-factory/neuroweave,https://neuroweave.miniapp-factory.marketplace.openxai.network,"Generator, Social"
697,nft-collab-monitor,Nft Collab Monitor,Active,4,NFT Collab Monitor is a Mini App that tracks collaborations between NFT projects and artists in real time.,2025-11-22T15:05:28Z,2025-11-25T18:04:12.605174,,Yes,Yes,Yes,1,https://github.com/miniapp-factory/nft-collab-monitor,https://nft-collab-monitor.miniapp-factory.marketplace.openxai.network,"Alert, Crypto, Tracker, Trading"
698,nft-drop-calendar,Nft Drop Calendar,Active,4,NFT Drop Calendar is a Mini App that provides a centralized schedule of upcoming NFT drops and presales across multiple marketplaces.,2025-11-22T13:04:14Z,2025-11-25T18:04:12.605174,,Yes,Yes,Yes,1,https://github.com/miniapp-factory/nft-drop-calendar,https://nft-drop-calendar.miniapp-factory.marketplace.openxai.network,"Alert, Crypto, Tracker, Trading"
699,nft-flipalert,Nft Flipalert,Active,4,NFT Flip Alert is a Mini App that tracks NFT collections and identifies potential opportunities for profitable flips.,2025-11-22T10:46:54Z,2025-11-25T18:04:12.605174,,Yes,Yes,Yes,1,https://github.com/miniapp-factory/nft-flipalert,https://nft-flipalert.miniapp-factory.marketplace.openxai.network,"Alert, Crypto, Tracker, Trading"
700,nft-marketplace,Nft Marketplace,Active,4,"A decentralized, social-driven NFT-based marketplace with no-code minting, gamified staking, and community features.",2025-11-21T07:31:58Z,2025-11-25T18:04:12.605174,,Yes,Yes,Yes,1,https://github.com/miniapp-factory/nft-marketplace,https://nft-marketplace.miniapp-factory.marketplace.openxai.network,"Finance, Platformer, Social"
701,nft-mint-reminder,Nft Mint Reminder,Active,4,NFT Mint Reminder helps users keep track of upcoming NFT mint events.,2025-11-21T13:38:17Z,2025-11-25T18:04:12.605174,,Yes,Yes,Yes,1,https://github.com/miniapp-factory/nft-mint-reminder,https://nft-mint-reminder.miniapp-factory.marketplace.openxai.network,Game
702,nft-trait-analyzer,Nft Trait Analyzer,Active,4,NFT Trait Analyzer is a Mini App that evaluates the rarity and value of NFT traits across collections.,2025-11-22T09:46:02Z,2025-11-25T18:04:12.605174,,Yes,Yes,Yes,1,https://github.com/miniapp-factory/nft-trait-analyzer,https://nft-trait-analyzer.miniapp-factory.marketplace.openxai.network,Game
703,nft-utility-tracker,Nft Utility Tracker,Active,4,NFT Utility Tracker is a Mini App that monitors the utility features of NFTs across collections.,2025-11-22T16:57:48Z,2025-11-25T18:10:42.851242,,Yes,Yes,Yes,1,https://github.com/miniapp-factory/nft-utility-tracker,https://nft-utility-tracker.miniapp-factory.marketplace.openxai.network,"Game, Tracker"
704,nft-whitelisttracker,Nft Whitelisttracker,Active,4,NFT Whitelist Tracker is a Mini App that monitors upcoming whitelist opportunities for NFT projects.,2025-11-22T15:51:57Z,2025-11-25T18:10:42.851242,,Yes,Yes,Yes,1,https://github.com/miniapp-factory/nft-whitelisttracker,https://nft-whitelisttracker.miniapp-factory.marketplace.openxai.network,"Alert, Crypto, Tracker"
705,nftauction,Nftauction,Active,4,NFT Auction Sniper helps users track live NFT auctions and automatically identify optimal bid timing.,2025-11-21T06:44:56Z,2025-11-25T18:10:42.851242,,Yes,Yes,Yes,1,https://github.com/miniapp-factory/nftauction,https://nftauction.miniapp-factory.marketplace.openxai.network,Game
706,nftcollection,Nftcollection,Active,4,"NFT Collection Health Score analyzes the overall strength and stability of any NFT collection using key metrics such as liquidity, holder...",2025-11-21T07:37:42Z,2025-11-25T18:10:42.851242,,Yes,Yes,Yes,1,https://github.com/miniapp-factory/nftcollection,https://nftcollection.miniapp-factory.marketplace.openxai.network,"Finance, Fitness, Game, Health"
707,nftexplorer,Nftexplorer,Active,4,Showcasing the top 5 trending NFTs with brief descriptions.,2025-11-20T16:38:41Z,2025-11-25T18:10:42.851242,,Yes,Yes,Yes,1,https://github.com/miniapp-factory/nftexplorer,https://nftexplorer.miniapp-factory.marketplace.openxai.network,Crypto
708,nftflooralertbot,Nftflooralertbot,Active,4,NFT Floor Alert Bot keeps collectors and traders updated with real-time alerts when NFT floor prices hit your target levels.,2025-11-20T21:02:32Z,2025-11-25T18:10:42.851242,,Yes,Yes,Yes,1,https://github.com/miniapp-factory/nftflooralertbot,https://nftflooralertbot.miniapp-factory.marketplace.openxai.network,Game
709,nftfloorresistanceanalyzer,Nftfloorresistanceanalyzer,Active,4,NFT Floor Resistance Analyzer is a Mini App that analyzes the buy and sell pressure around an NFT collection’s floor price.,2025-11-22T20:07:03Z,2025-11-25T18:10:42.851242,,Yes,Yes,Yes,1,https://github.com/miniapp-factory/nftfloorresistanceanalyzer,https://nftfloorresistanceanalyzer.miniapp-factory.marketplace.openxai.network,Game
710,nftfloorwatcher,Nftfloorwatcher,Active,4,NFT Floor Watcher is a Mini App that tracks floor prices of NFT collections across major marketplaces.,2025-11-20T19:12:21Z,2025-11-25T18:10:42.851242,,Yes,Yes,Yes,1,https://github.com/miniapp-factory/nftfloorwatcher,https://nftfloorwatcher.miniapp-factory.marketplace.openxai.network,"Alert, Crypto, Tracker, Trading"
711,nftholderloyaltyindex,Nftholderloyaltyindex,Active,4,NFT Holder Loyalty Index is a Mini App that measures how committed holders are to specific NFT collections.,2025-11-22T17:38:03Z,2025-11-25T18:10:42.851242,,Yes,Yes,Yes,1,https://github.com/miniapp-factory/nftholderloyaltyindex,https://nftholderloyaltyindex.miniapp-factory.marketplace.openxai.network,"Game, Social"
712,nftmarketcaptracker,Nftmarketcaptracker,Active,4,NFT Market Cap Tracker is a Mini App that monitors the total market capitalization of NFT collections across multiple marketplaces.,2025-11-22T11:18:02Z,2025-11-25T18:10:42.851242,,Yes,Yes,Yes,1,https://github.com/miniapp-factory/nftmarketcaptracker,https://nftmarketcaptracker.miniapp-factory.marketplace.openxai.network,"Alert, Crypto, Finance, Tracker, Trading"
713,nftmintprofit,Nftmintprofit,Active,4,NFT Mint Profit Calculator helps collectors and traders estimate potential profits from NFT mints.,2025-11-20T21:37:31Z,2025-11-25T18:10:42.851242,,Yes,Yes,Yes,1,https://github.com/miniapp-factory/nftmintprofit,https://nftmintprofit.miniapp-factory.marketplace.openxai.network,"Calculator, Crypto, Trading"
714,nftmintradar,Nftmintradar,Active,4,NFT Mint Radar is a Mini App that tracks upcoming NFT minting events across multiple marketplaces.,2025-11-20T19:44:15Z,2025-11-25T18:10:42.851242,,Yes,Yes,Yes,1,https://github.com/miniapp-factory/nftmintradar,https://nftmintradar.miniapp-factory.marketplace.openxai.network,"Alert, Crypto, Tracker, Trading"
715,nftrarity,Nftrarity,Active,4,"Description:
NFT Rarity Tracker is a powerful tool for collectors and traders to monitor the rarity and value of NFTs across multiple collections.",2025-11-20T20:43:41Z,2025-11-25T18:12:02.629203,,Yes,Yes,Yes,1,https://github.com/miniapp-factory/nftrarity,https://nftrarity.miniapp-factory.marketplace.openxai.network,"Finance, Game, Tracker"
716,nfttracker,Nfttracker,Active,4,NFT Tracker is a lightweight Mini App that allows users to monitor their favorite NFT collections in real time.,2025-11-20T16:54:52Z,2025-11-25T18:12:02.629203,,Yes,Yes,Yes,1,https://github.com/miniapp-factory/nfttracker,https://nfttracker.miniapp-factory.marketplace.openxai.network,"Alert, Crypto, Finance, Portfolio, Tracker, Trading"
717,nfttrade,Nfttrade,Active,4,"A lightweight NFT marketplace for buying, selling, and swapping NFTs across multiple blockchains.",2025-11-20T18:50:09Z,2025-11-25T18:12:02.629203,,Yes,Yes,Yes,1,https://github.com/miniapp-factory/nfttrade,https://nfttrade.miniapp-factory.marketplace.openxai.network,"Finance, Game, Social"
,nikolas,Nikolas,Inactive,4,Nikolas mini app on Mini App Factory,2025-11-24T08:26:57Z,2025-11-26T13:38:44.562365,,Yes,Yes,No,0,https://github.com/miniapp-factory/nikolas,https://nikolas.miniapp-factory.marketplace.openxai.network,Inactive
,niks,Niks,Inactive,4,Niks mini app on Mini App Factory,2025-11-24T07:31:50Z,2025-11-26T13:38:44.562365,,Yes,Yes,No,0,https://github.com/miniapp-factory/niks,https://niks.miniapp-factory.marketplace.openxai.network,Inactive
718,nitoryu-90,Nitoryu 90,Active,4,Find out which animal you are most like with our fun quiz!,2025-11-21T03:43:44Z,2025-11-25T18:12:02.629203,,Yes,Yes,Yes,1,https://github.com/miniapp-factory/nitoryu-90,https://nitoryu-90.miniapp-factory.marketplace.openxai.network,"Education, Quiz, Social"
258,niya,Niya,Active,6,Play the classic 2048 game and share your score!,2025-11-20T17:06:46Z,2025-11-24T23:14:32.222489,,Yes,Yes,Yes,1,https://github.com/miniapp-factory/niya,https://niya.miniapp-factory.marketplace.openxai.network,"Puzzle, Social"
719,no-loss-prediction-market-dapp,No Loss Prediction Market Dapp,Active,4,Create a no-loss prediction market dApp on Base where users stake USDC on outcomes but get their stake back if wrong – winners split the losers,2025-11-21T00:23:15Z,2025-11-25T18:12:02.629203,,Yes,Yes,Yes,1,https://github.com/miniapp-factory/no-loss-prediction-market-dapp,https://no-loss-prediction-market-dapp.miniapp-factory.marketplace.openxai.network,Game
720,nodehealth,Nodehealth,Active,4,Node Health Monitor is a Mini App that tracks the performance and status of blockchain nodes in real time.,2025-11-21T08:52:22Z,2025-11-25T18:12:02.629203,,Yes,Yes,Yes,1,https://github.com/miniapp-factory/nodehealth,https://nodehealth.miniapp-factory.marketplace.openxai.network,"Alert, Crypto, Fitness, Health, Tracker"
115,note-keeper,Note Keeper,Active,16,"A clean, minimal two‑column notes editor with search, pin, archive, and rich‑text formatting.",2025-11-21T07:30:47Z,2025-11-24T23:14:32.222489,,Yes,Yes,Yes,6,https://github.com/miniapp-factory/note-keeper,https://note-keeper.miniapp-factory.marketplace.openxai.network,Generator
941,novtaz97,Novtaz97,Active,1,An AI-powered tool that helps with mini app factory app.,2025-11-21T10:50:39Z,2025-11-25T18:12:02.629203,,Yes,Yes,No,0,https://github.com/miniapp-factory/novtaz97,https://novtaz97.miniapp-factory.marketplace.openxai.network,AI
,number-tapping-sequence,Number Tapping Sequence,Pending,,,,,,,,,,https://github.com/miniapp-factory/number-tapping-sequence,https://number-tapping-sequence.miniapp-factory.marketplace.openxai.network,
87,numbermergemini,Numbermergemini,Active,4,An app that links people by hobby or interest.,2025-11-23T03:03:51Z,2025-11-24T17:07:36.212532,,Yes,Yes,Yes,1,https://github.com/miniapp-factory/numbermergemini,https://numbermergemini.miniapp-factory.marketplace.openxai.network,Other
721,nxp,Nxp,Active,4,An AI-powered mini app built with the Mini App Factory.,2025-11-22T01:38:38Z,2025-11-25T18:12:02.629203,,Yes,Yes,Yes,1,https://github.com/miniapp-factory/nxp,https://nxp.miniapp-factory.marketplace.openxai.network,AI
259,oh-who-is-u,Oh Who Is U,Active,6,Answer niche questions to generate a personalized YouTube Music or Spotify playlist.,2025-11-22T09:14:23Z,2025-11-24T23:52:11.501898,,Yes,Yes,Yes,1,https://github.com/miniapp-factory/oh-who-is-u,https://oh-who-is-u.miniapp-factory.marketplace.openxai.network,Game
722,ok,Ok,Active,4,"This app converts every base cryptocurrency into your local currency, providing real‑time conversion and insights.",2025-11-21T05:02:25Z,2025-11-25T18:12:02.629203,,Yes,Yes,Yes,1,https://github.com/miniapp-factory/ok,https://ok.miniapp-factory.marketplace.openxai.network,Crypto
723,oken-unlock-schedule-lite,Oken Unlock Schedule Lite,Active,4,Token Unlock Schedule Lite provides users with a simple view of upcoming token unlock events.,2025-11-21T13:41:55Z,2025-11-25T18:12:02.629203,,Yes,Yes,Yes,1,https://github.com/miniapp-factory/oken-unlock-schedule-lite,https://oken-unlock-schedule-lite.miniapp-factory.marketplace.openxai.network,Game
724,okitel,Okitel,Active,4,"Fold, twist, and distort reality by manipulating your dreams in the DreamFolding Atlas.",2025-11-20T23:21:49Z,2025-11-25T18:12:02.629203,,Yes,Yes,Yes,1,https://github.com/miniapp-factory/okitel,https://okitel.miniapp-factory.marketplace.openxai.network,Utility
725,okx,Okx,Active,4,"A free, easy, and profitable application built with the Mini App Factory.",2025-11-20T19:01:35Z,2025-11-25T18:12:47.471056,,Yes,Yes,Yes,1,https://github.com/miniapp-factory/okx,https://okx.miniapp-factory.marketplace.openxai.network,Utility
,omega,Omega,Inactive,6,Omega mini app on Mini App Factory,2025-11-25T13:40:08Z,2025-11-26T13:38:44.562365,,Yes,Yes,No,0,https://github.com/miniapp-factory/omega,https://omega.miniapp-factory.marketplace.openxai.network,Inactive
,omni-base,Omni Base,Pending,,,,,,,,,,https://github.com/miniapp-factory/omni-base,https://omni-base.miniapp-factory.marketplace.openxai.network,
28,omor09,Omor09,Active,4,A demo application built using the Mini App Factory template.,2025-11-23T18:23:27Z,2025-11-24T16:30:55.398786,,Yes,Yes,Yes,1,https://github.com/miniapp-factory/omor09,https://omor09.miniapp-factory.marketplace.openxai.network,Other
726,on-chainactivitymonitor,On Chainactivitymonitor,Active,4,On-Chain Activity Monitor is a Mini App that tracks significant blockchain transactions and wallet activity in real time.,2025-11-20T18:34:46Z,2025-11-25T18:12:47.471056,,Yes,Yes,Yes,1,https://github.com/miniapp-factory/on-chainactivitymonitor,https://on-chainactivitymonitor.miniapp-factory.marketplace.openxai.network,"Alert, Crypto, Portfolio, Tracker, Trading"
727,on-chainreputationscore,On Chainreputationscore,Active,4,"On-Chain Reputation Score evaluates blockchain addresses based on their transaction history and activity, providing a clear “trustworthiness” metric.",2025-11-20T21:04:14Z,2025-11-25T18:12:47.471056,,Yes,Yes,Yes,1,https://github.com/miniapp-factory/on-chainreputationscore,https://on-chainreputationscore.miniapp-factory.marketplace.openxai.network,Game
,one-minute-escape-room,One Minute Escape Room,Pending,,,,,,,,,,https://github.com/miniapp-factory/one-minute-escape-room,https://one-minute-escape-room.miniapp-factory.marketplace.openxai.network,
728,oopti,Oopti,Active,4,A simple Python countdown timer that counts down from a specified number of seconds.,2025-11-21T16:13:54Z,2025-11-25T18:12:47.471056,,Yes,Yes,Yes,1,https://github.com/miniapp-factory/oopti,https://oopti.miniapp-factory.marketplace.openxai.network,Utility
729,open,Open,Active,4,A simple calculator that performs basic arithmetic operations.,2025-11-21T11:03:04Z,2025-11-25T18:12:47.471056,,Yes,Yes,Yes,1,https://github.com/miniapp-factory/open,https://open.miniapp-factory.marketplace.openxai.network,Utility
905,open-tech,Open Tech,Active,2,"Slot machine with 3 columns and 3 rows, each slot contains one fruit.",2025-11-21T05:18:29Z,2025-11-25T18:12:47.471056,,Yes,Yes,Yes,1,https://github.com/miniapp-factory/open-tech,https://open-tech.miniapp-factory.marketplace.openxai.network,"Casino, Social"
906,openaxi,Openaxi,Active,2,"Allows someone to find out which animal (cat, dog, fox, hamster, horse) they are most similar to by answering 5 multiple.",2025-11-20T18:46:47Z,2025-11-25T18:13:58.768299,,Yes,Yes,Yes,1,https://github.com/miniapp-factory/openaxi,https://openaxi.miniapp-factory.marketplace.openxai.network,"Education, Quiz, Social"
,openx,Openx,Pending,,,,,,,,,,https://github.com/miniapp-factory/openx,https://openx.miniapp-factory.marketplace.openxai.network,
23,openx-burn-checker,Openx Burn Checker,Active,17,This app monitors $OPENX token burn events for contract 0xa66b448f97cbf58d12f00711c02bac2d9eac6f7f.,2025-11-23T09:18:50Z,2025-11-24T17:07:36.212532,,Yes,Yes,Yes,7,https://github.com/miniapp-factory/openx-burn-checker,https://openx-burn-checker.miniapp-factory.marketplace.openxai.network,Game
242,openxai,Openxai,Active,7,Guess the daily five-letter word in six tries. Share your results!,2025-11-22T20:36:58Z,2025-11-24T23:14:32.222489,,Yes,Yes,Yes,3,https://github.com/miniapp-factory/openxai,https://openxai.miniapp-factory.marketplace.openxai.network,"Game, Social"
,oracle,Oracle,Inactive,0,Oracle mini app on Mini App Factory,2025-11-26T13:16:21.731676,2025-11-26T13:38:44.562365,,Yes,Yes,No,0,https://github.com/miniapp-factory/oracle,https://oracle.miniapp-factory.marketplace.openxai.network,Inactive
,orb-runner,Orb Runner,Pending,,,,,,,,,,https://github.com/miniapp-factory/orb-runner,https://orb-runner.miniapp-factory.marketplace.openxai.network,
730,orderbooklens,Orderbooklens,Active,4,A real‑time visual order book and liquidity heatmap that highlights major liquidity clusters and walls for quick insight.,2025-11-20T19:06:51Z,2025-11-25T18:13:58.768299,,Yes,Yes,Yes,1,https://github.com/miniapp-factory/orderbooklens,https://orderbooklens.miniapp-factory.marketplace.openxai.network,Utility
314,origin,Origin,Active,5,A fintech mini app that checks token holder funding origins for anomalies.,2025-11-20T23:12:34Z,2025-11-25T18:13:58.768299,,Yes,Yes,Yes,1,https://github.com/miniapp-factory/origin,https://origin.miniapp-factory.marketplace.openxai.network,Card Game
134,oxb,Oxb,Active,10,A real‑time crypto prediction game where players bet on BTC or ETH dominance.,2025-11-21T19:16:57Z,2025-11-24T23:14:32.222489,,Yes,Yes,Yes,4,https://github.com/miniapp-factory/oxb,https://oxb.miniapp-factory.marketplace.openxai.network,"Game, Social"
,packman-mania,Packman Mania,Pending,,,,,,,,,,https://github.com/miniapp-factory/packman-mania,https://packman-mania.miniapp-factory.marketplace.openxai.network,
731,pandorra,Pandorra,Active,4,Discover which animal you are most similar to with our fun quiz!,2025-11-20T15:57:11Z,2025-11-25T18:13:58.768299,,Yes,Yes,Yes,1,https://github.com/miniapp-factory/pandorra,https://pandorra.miniapp-factory.marketplace.openxai.network,"Education, Quiz, Social"
29,paradixpips,Paradixpips,Active,4,An app that provides Web3 wallet connectivity and real‑time liquidation indicator data.,2025-11-23T16:05:38Z,2025-11-24T16:30:55.398786,,Yes,Yes,Yes,1,https://github.com/miniapp-factory/paradixpips,https://paradixpips.miniapp-factory.marketplace.openxai.network,"Crypto, Portfolio"
732,parasiteve,Parasiteve,Active,4,Play 2048 in the Mini App Factory!,2025-11-20T15:10:00Z,2025-11-25T18:13:58.768299,,Yes,Yes,Yes,1,https://github.com/miniapp-factory/parasiteve,https://parasiteve.miniapp-factory.marketplace.openxai.network,"Puzzle, Social"
88,parkingpuzzlemini,Parkingpuzzlemini,Active,4,This app writes stories and plot twists from prompts.,2025-11-23T03:07:26Z,2025-11-24T17:07:36.212532,,Yes,Yes,Yes,1,https://github.com/miniapp-factory/parkingpuzzlemini,https://parkingpuzzlemini.miniapp-factory.marketplace.openxai.network,Puzzle
,parziv4l,Parziv4L,Pending,,,,,,,,,,https://github.com/miniapp-factory/parziv4l,https://parziv4l.miniapp-factory.marketplace.openxai.network,
733,password-strengthchecker,Password Strengthchecker,Active,4,Analyzes password security.,2025-11-22T08:38:29Z,2025-11-25T18:13:58.768299,,Yes,Yes,Yes,1,https://github.com/miniapp-factory/password-strengthchecker,https://password-strengthchecker.miniapp-factory.marketplace.openxai.network,Utility
734,patternpredictor,Patternpredictor,Active,4,Predict patterns with ease using our mini app.,2025-11-22T08:40:03Z,2025-11-25T18:13:58.768299,,Yes,Yes,Yes,1,https://github.com/miniapp-factory/patternpredictor,https://patternpredictor.miniapp-factory.marketplace.openxai.network,Utility
735,pedrocik,Pedrocik,Active,4,A simple risk assessment tool for trading positions.,2025-11-20T17:45:48Z,2025-11-25T18:13:58.768299,,Yes,Yes,Yes,1,https://github.com/miniapp-factory/pedrocik,https://pedrocik.miniapp-factory.marketplace.openxai.network,"Finance, Game"
736,pengu,Pengu,Active,4,Play the fruit slot machine and share your wins!,2025-11-20T16:36:03Z,2025-11-25T18:13:58.768299,,Yes,Yes,Yes,1,https://github.com/miniapp-factory/pengu,https://pengu.miniapp-factory.marketplace.openxai.network,"Casino, Social"
907,perligos,Perligos,Active,2,"Allows someone to find out which animal (cat, dog, fox, hamster, horse) they are most similar to by answering 5 multiple.",2025-11-21T02:32:48Z,2025-11-25T18:13:58.768299,,Yes,Yes,Yes,1,https://github.com/miniapp-factory/perligos,https://perligos.miniapp-factory.marketplace.openxai.network,"Education, Quiz, Social"
111,personal-assisstant,Personal Assisstant,Active,17,A simple hello mini app that greets the user.,2025-11-21T17:40:05Z,2025-11-24T23:14:32.222489,,Yes,Yes,Yes,8,https://github.com/miniapp-factory/personal-assisstant,https://personal-assisstant.miniapp-factory.marketplace.openxai.network,"Puzzle, Social"
737,personal-expensetracker,Personal Expensetracker,Active,4,Logs expenses and categorizes them.,2025-11-22T08:37:51Z,2025-11-25T18:13:58.768299,,Yes,Yes,Yes,1,https://github.com/miniapp-factory/personal-expensetracker,https://personal-expensetracker.miniapp-factory.marketplace.openxai.network,Tracker
738,personal-to-domanager,Personal To Domanager,Active,4,Organizes tasks and deadlines.,2025-11-22T04:17:40Z,2025-11-25T18:13:58.768299,,Yes,Yes,Yes,1,https://github.com/miniapp-factory/personal-to-domanager,https://personal-to-domanager.miniapp-factory.marketplace.openxai.network,Utility
739,petadvisor,Petadvisor,Active,4,An app that provides tips for caring for your pets.,2025-11-22T15:44:52Z,2025-11-25T18:15:17.413286,,Yes,Yes,Yes,1,https://github.com/miniapp-factory/petadvisor,https://petadvisor.miniapp-factory.marketplace.openxai.network,Utility
260,php-money-scanner,Php Money Scanner,Active,6,Play a simple Snake.io game built with React and TypeScript.,2025-11-22T09:12:02Z,2025-11-24T23:52:11.501898,,Yes,Yes,Yes,1,https://github.com/miniapp-factory/php-money-scanner,https://php-money-scanner.miniapp-factory.marketplace.openxai.network,"Classic, Finance"
39,ping-pong-wall,Ping Pong Wall,Active,8,Find out which animal you are most similar to with our fun quiz!,2025-11-23T02:46:32Z,2025-11-24T17:07:36.212532,,Yes,Yes,Yes,3,https://github.com/miniapp-factory/ping-pong-wall,https://ping-pong-wall.miniapp-factory.marketplace.openxai.network,"Education, Quiz, Social"
112,pixel-meme-wars,Pixel Meme Wars,Active,17,A collaborative onchain pixel canvas where communities compete to shape a shared piece of pixel art on Base.,2025-11-20T23:19:56Z,2025-11-24T23:14:32.222489,,Yes,Yes,Yes,7,https://github.com/miniapp-factory/pixel-meme-wars,https://pixel-meme-wars.miniapp-factory.marketplace.openxai.network,"Game, Social"
,pixel-rush,Pixel Rush,Pending,,,,,,,,,,https://github.com/miniapp-factory/pixel-rush,https://pixel-rush.miniapp-factory.marketplace.openxai.network,
,plantopedia,Plantopedia,Pending,,,,,,,,,,https://github.com/miniapp-factory/plantopedia,https://plantopedia.miniapp-factory.marketplace.openxai.network,
89,platformjumper,Platformjumper,Active,4,A modular Next.js application template powered by the Mini App Factory.,2025-11-23T02:31:13Z,2025-11-24T17:07:36.212532,,Yes,Yes,Yes,1,https://github.com/miniapp-factory/platformjumper,https://platformjumper.miniapp-factory.marketplace.openxai.network,Utility
740,play-to-earn,Play To Earn,Active,4,Spin the slot machine and win fruit combos!,2025-11-21T11:37:10Z,2025-11-25T18:15:17.413286,,Yes,Yes,Yes,1,https://github.com/miniapp-factory/play-to-earn,https://play-to-earn.miniapp-factory.marketplace.openxai.network,"Casino, Social"
261,plopmenz,Plopmenz,Active,6,Find out which animal you are most similar to with our fun quiz!,2025-11-21T18:23:50Z,2025-11-24T23:52:11.501898,,Yes,Yes,Yes,2,https://github.com/miniapp-factory/plopmenz,https://plopmenz.miniapp-factory.marketplace.openxai.network,"Education, Quiz, Social"
741,pomodoro-timerwith-gamification,Pomodoro Timerwith Gamification,Active,4,This app rewards users as they complete sessions.,2025-11-22T04:22:31Z,2025-11-25T18:15:17.413286,,Yes,Yes,Yes,1,https://github.com/miniapp-factory/pomodoro-timerwith-gamification,https://pomodoro-timerwith-gamification.miniapp-factory.marketplace.openxai.network,Utility
5,pong,Pong,Active,4,Classic Ping Pong game.,2025-11-23T19:44:05Z,2025-11-24T16:30:55.398786,,Yes,Yes,Yes,1,https://github.com/miniapp-factory/pong,https://pong.miniapp-factory.marketplace.openxai.network,Classic
742,poolscoop,Poolscoop,Active,4,"Discover newly created liquidity pools on DEXs before they pump. High risk, high reward.",2025-11-20T19:19:35Z,2025-11-25T18:15:17.413286,,Yes,Yes,Yes,1,https://github.com/miniapp-factory/poolscoop,https://poolscoop.miniapp-factory.marketplace.openxai.network,"Alert, Crypto, DeFi, Social"
119,popping-balloons,Popping Balloons,Active,14,"A playful app where balloons float, pop with sound and light, and release colorful liquids.",2025-11-20T19:46:11Z,2025-11-24T23:14:32.222489,,Yes,Yes,Yes,5,https://github.com/miniapp-factory/popping-balloons,https://popping-balloons.miniapp-factory.marketplace.openxai.network,Game
743,portable-gpt,Portable Gpt,Active,4,Find out which animal you are most similar to with our fun quiz!,2025-11-22T11:40:26Z,2025-11-25T18:15:17.413286,,Yes,Yes,Yes,1,https://github.com/miniapp-factory/portable-gpt,https://portable-gpt.miniapp-factory.marketplace.openxai.network,"AI, Education, Quiz, Social"
315,portfolio-allocation-planner,Portfolio Allocation Planner,Active,5,A simple app to manually plan crypto portfolio allocations.,2025-11-21T14:12:17Z,2025-11-25T18:15:17.413286,,Yes,Yes,Yes,1,https://github.com/miniapp-factory/portfolio-allocation-planner,https://portfolio-allocation-planner.miniapp-factory.marketplace.openxai.network,Game
744,portfolio-goal-setter,Portfolio Goal Setter,Active,4,Create a simple app where users can set and track their personal portfolio goals.,2025-11-22T09:17:13Z,2025-11-25T18:15:17.413286,,Yes,Yes,Yes,1,https://github.com/miniapp-factory/portfolio-goal-setter,https://portfolio-goal-setter.miniapp-factory.marketplace.openxai.network,"Finance, Game"
745,portfolio-manager,Portfolio Manager,Active,4,Track all your tokens in one wallet.,2025-11-20T18:38:41Z,2025-11-25T18:15:17.413286,,Yes,Yes,Yes,1,https://github.com/miniapp-factory/portfolio-manager,https://portfolio-manager.miniapp-factory.marketplace.openxai.network,"Crypto, Finance, Portfolio"
262,portfoliohelper,Portfoliohelper,Active,6,"PocketPortfolio AI provides simple, beginner-friendly insights about a user’s crypto holdings.",2025-11-20T15:01:32Z,2025-11-24T23:52:11.501898,,Yes,Yes,Yes,1,https://github.com/miniapp-factory/portfoliohelper,https://portfoliohelper.miniapp-factory.marketplace.openxai.network,"Crypto, Education, Portfolio, Tracker"
746,position-size-helper,Position Size Helper,Active,4,A lightweight tool to calculate trade position sizes based on account balance and risk percentage.,2025-11-21T15:24:42Z,2025-11-25T18:15:17.413286,,Yes,Yes,Yes,1,https://github.com/miniapp-factory/position-size-helper,https://position-size-helper.miniapp-factory.marketplace.openxai.network,Game
747,power,Power,Active,4,Play the fruit slot machine and share your wins!,2025-11-21T04:42:52Z,2025-11-25T18:15:17.413286,,Yes,Yes,Yes,1,https://github.com/miniapp-factory/power,https://power.miniapp-factory.marketplace.openxai.network,"Casino, Social"
748,prince139,Prince139,Active,4,An app that greets users with a friendly message.,2025-11-21T04:23:30Z,2025-11-25T18:15:17.413286,,Yes,Yes,Yes,1,https://github.com/miniapp-factory/prince139,https://prince139.miniapp-factory.marketplace.openxai.network,Other
,prism-rush,Prism Rush,Pending,,,,,,,,,,https://github.com/miniapp-factory/prism-rush,https://prism-rush.miniapp-factory.marketplace.openxai.network,
749,pro44,Pro44,Active,4,"Track your income, expenses, budgets, and financial goals with visual insights and reminders.",2025-11-20T20:52:31Z,2025-11-25T18:15:17.413286,,Yes,Yes,Yes,1,https://github.com/miniapp-factory/pro44,https://pro44.miniapp-factory.marketplace.openxai.network,"AI, Card Game, Entertainment, Finance, Social"
750,proapp-eco,Proapp Eco,Active,4,"Track ongoing crypto airdrop campaigns, verify eligibility, view ranking progress, and receive deadline notifications so you never miss rewards again.",2025-11-22T12:12:34Z,2025-11-25T18:16:32.389514,,Yes,Yes,Yes,1,https://github.com/miniapp-factory/proapp-eco,https://proapp-eco.miniapp-factory.marketplace.openxai.network,"Airdrop, Alert, Crypto, Tracker"
908,proeck645,Proeck645,Active,2,An AI-powered tool that helps with mini app factory app.,2025-11-20T21:22:59Z,2025-11-25T18:16:32.389514,,Yes,Yes,Yes,1,https://github.com/miniapp-factory/proeck645,https://proeck645.miniapp-factory.marketplace.openxai.network,"AI, Education, Fitness, Game, Health, Language Learning, Social"
751,proeckt,Proeckt,Active,4,A real-time crypto analytics platform for market and on-chain insights.,2025-11-20T17:42:04Z,2025-11-25T18:16:32.389514,,Yes,Yes,Yes,1,https://github.com/miniapp-factory/proeckt,https://proeckt.miniapp-factory.marketplace.openxai.network,"Alert, Calculator, Crypto, DeFi, Portfolio, Social, Trading"
752,professional-emailwriter,Professional Emailwriter,Active,4,"An app to draft business, marketing, or support emails quickly and efficiently.",2025-11-22T04:08:05Z,2025-11-25T18:16:32.389514,,Yes,Yes,Yes,1,https://github.com/miniapp-factory/professional-emailwriter,https://professional-emailwriter.miniapp-factory.marketplace.openxai.network,Utility
753,profit-and-loss-snapshot,Profit And Loss Snapshot,Active,4,Create a simple app where users can quickly view their profit or loss based on manual inputs.,2025-11-21T18:15:27Z,2025-11-25T18:16:32.389514,,Yes,Yes,Yes,1,https://github.com/miniapp-factory/profit-and-loss-snapshot,https://profit-and-loss-snapshot.miniapp-factory.marketplace.openxai.network,Game
316,programming-hub,Programming Hub,Active,5,Find out which animal you are most similar to with our fun quiz!,2025-11-21T01:35:09Z,2025-11-25T18:16:32.389514,,Yes,Yes,Yes,1,https://github.com/miniapp-factory/programming-hub,https://programming-hub.miniapp-factory.marketplace.openxai.network,"Education, Quiz, Social"
754,promo,Promo,Active,4,"Celebrate the New Year with festive greetings, AI‑generated messages, and interactive features.",2025-11-21T00:01:34Z,2025-11-25T18:16:32.389514,,Yes,Yes,Yes,1,https://github.com/miniapp-factory/promo,https://promo.miniapp-factory.marketplace.openxai.network,"Game, Social"
909,promt,Promt,Active,2,An AI-powered tool that helps with mini app factory app.,2025-11-21T11:07:27Z,2025-11-25T18:16:32.389514,,Yes,Yes,Yes,1,https://github.com/miniapp-factory/promt,https://promt.miniapp-factory.marketplace.openxai.network,AI
755,proof-of-vibe,Proof Of Vibe,Active,4,"Proof-of-Vibe is an AI-powered mini app for Base that reads your on-chain history to generate a dynamic Vibe Card, a shareable NFT that reflects...",2025-11-20T14:40:38Z,2025-11-25T18:16:32.389514,,Yes,Yes,Yes,1,https://github.com/miniapp-factory/proof-of-vibe,https://proof-of-vibe.miniapp-factory.marketplace.openxai.network,"AI, Card Game, Social"
756,protocol-revenue-tracker,Protocol Revenue Tracker,Active,4,Protocol Revenue Tracker is a Mini App that monitors revenue and fees generated by DeFi protocols in real time.,2025-11-22T14:45:07Z,2025-11-25T18:16:32.389514,,Yes,Yes,Yes,1,https://github.com/miniapp-factory/protocol-revenue-tracker,https://protocol-revenue-tracker.miniapp-factory.marketplace.openxai.network,"Alert, Crypto, DeFi, Finance, Tracker"
757,pumpit,Pumpit,Active,4,Pump it delivers ultra-fast market predictions and real-time discovery of early-stage tokens.,2025-11-21T05:28:18Z,2025-11-25T18:16:32.389514,,Yes,Yes,Yes,1,https://github.com/miniapp-factory/pumpit,https://pumpit.miniapp-factory.marketplace.openxai.network,"Alert, Crypto, Social, Trading"
758,punch-out,Punch Out,Active,4,A single-file first-person boxing game built with React.,2025-11-22T15:13:36Z,2025-11-25T18:16:32.389514,,Yes,Yes,Yes,1,https://github.com/miniapp-factory/punch-out,https://punch-out.miniapp-factory.marketplace.openxai.network,"Fitness, Game, Health"
,puzzle,Puzzle,Inactive,4,Puzzle mini app on Mini App Factory,2025-11-24T10:12:13Z,2025-11-26T13:38:44.562365,,Yes,Yes,No,0,https://github.com/miniapp-factory/puzzle,https://puzzle.miniapp-factory.marketplace.openxai.network,Inactive
759,qqwe,Qqwe,Active,4,"A transparent, user‑protected DeFi platform offering staking, lending, yield‑farming, liquidity pools, and on‑chain governance.",2025-11-22T20:19:47Z,2025-11-25T18:18:15.170465,,Yes,Yes,Yes,1,https://github.com/miniapp-factory/qqwe,https://qqwe.miniapp-factory.marketplace.openxai.network,"Crypto, DeFi, Finance"
760,quick-math,Quick Math,Active,4,A fast‑paced math challenge app that tests your speed and accuracy.,2025-11-20T21:48:13Z,2025-11-25T18:18:15.170465,,Yes,Yes,Yes,1,https://github.com/miniapp-factory/quick-math,https://quick-math.miniapp-factory.marketplace.openxai.network,Game
761,quick-surveybuilder,Quick Surveybuilder,Active,4,Creates surveys and analyzes collected responses.,2025-11-22T04:11:57Z,2025-11-25T18:18:15.170465,,Yes,Yes,Yes,1,https://github.com/miniapp-factory/quick-surveybuilder,https://quick-surveybuilder.miniapp-factory.marketplace.openxai.network,Generator
762,quickpay,Quickpay,Active,4,"A lightweight mini-app that lets users send and receive payments quickly, track transactions, and manage finances securely.",2025-11-20T18:32:55Z,2025-11-25T18:18:15.170465,,Yes,Yes,Yes,1,https://github.com/miniapp-factory/quickpay,https://quickpay.miniapp-factory.marketplace.openxai.network,"Finance, Game, Social"
763,quickquiz,Quickquiz,Active,4,QuickQuiz is an AI-powered quiz app that generates questions based on any topic.,2025-11-20T15:41:09Z,2025-11-25T18:18:15.170465,,Yes,Yes,Yes,1,https://github.com/miniapp-factory/quickquiz,https://quickquiz.miniapp-factory.marketplace.openxai.network,"AI, Education, Language Learning, Quiz, Social"
,quietlink,Quietlink,Pending,,,,,,,,,,https://github.com/miniapp-factory/quietlink,https://quietlink.miniapp-factory.marketplace.openxai.network,
18,quiz,Quiz,Active,7,Find out which animal you are most similar to!,2025-11-23T15:42:24Z,2025-11-24T13:56:57.547145,,Yes,Yes,Yes,2,https://github.com/miniapp-factory/quiz,https://quiz.miniapp-factory.marketplace.openxai.network,"Education, Quiz, Social"
50,quiz-app,Quiz App,Active,5,Play a fruit slot machine and share your wins!,2025-11-23T03:11:17Z,2025-11-24T17:07:36.212532,,Yes,Yes,Yes,2,https://github.com/miniapp-factory/quiz-app,https://quiz-app.miniapp-factory.marketplace.openxai.network,"Education, Quiz, Social"
135,quiz-calcio,Quiz Calcio,Active,10,"✅ PROMPT FINALE (Factory-Ready – Emoji Arcade Edition)

Create a very simple emoji mini game called “Crypto Blaster 2089”.",2025-11-21T12:26:00Z,2025-11-24T23:14:32.222489,,Yes,Yes,Yes,4,https://github.com/miniapp-factory/quiz-calcio,https://quiz-calcio.miniapp-factory.marketplace.openxai.network,"Education, Quiz, Social"
40,quiz-trak,Quiz Trak,Active,8,Find out which animal you are most similar to with our fun quiz!,2025-11-23T03:31:25Z,2025-11-24T17:07:36.212532,,Yes,Yes,Yes,2,https://github.com/miniapp-factory/quiz-trak,https://quiz-trak.miniapp-factory.marketplace.openxai.network,"Education, Quiz, Social"
764,quizer,Quizer,Active,4,Find out which animal you are most similar to with our fun quiz!,2025-11-20T16:23:02Z,2025-11-25T18:18:15.170465,,Yes,Yes,Yes,1,https://github.com/miniapp-factory/quizer,https://quizer.miniapp-factory.marketplace.openxai.network,"Education, Quiz, Social"
765,quizmaster,Quizmaster,Active,4,Find out which animal you are most similar to with our fun quiz!,2025-11-20T16:26:01Z,2025-11-25T18:18:15.170465,,Yes,Yes,Yes,1,https://github.com/miniapp-factory/quizmaster,https://quizmaster.miniapp-factory.marketplace.openxai.network,"Education, Quiz, Social"
766,quizz,Quizz,Active,4,Find out which animal you are most similar to with our fun quiz!,2025-11-20T16:26:43Z,2025-11-25T18:18:15.170465,,Yes,Yes,Yes,1,https://github.com/miniapp-factory/quizz,https://quizz.miniapp-factory.marketplace.openxai.network,"Education, Quiz, Social"
,quizzes-and-trivia-games,Quizzes And Trivia Games,Pending,,,,,,,,,,https://github.com/miniapp-factory/quizzes-and-trivia-games,https://quizzes-and-trivia-games.miniapp-factory.marketplace.openxai.network,
767,quotemachine,Quotemachine,Active,4,"A curated collection of profound reflections on life, success, and purpose.",2025-11-22T15:09:38Z,2025-11-25T18:18:15.170465,,Yes,Yes,Yes,1,https://github.com/miniapp-factory/quotemachine,https://quotemachine.miniapp-factory.marketplace.openxai.network,Utility
768,qwer,Qwer,Active,4,A simple shopping cart simulation built with Next.js and shadcn components.,2025-11-21T16:46:21Z,2025-11-25T18:18:15.170465,,Yes,Yes,Yes,1,https://github.com/miniapp-factory/qwer,https://qwer.miniapp-factory.marketplace.openxai.network,Utility
769,qwsaq,Qwsaq,Active,4,"Track your crypto assets with real-time charts, performance history, price alerts, exchange integrations, tax reports, and risk assessment tools.",2025-11-22T20:23:21Z,2025-11-25T18:18:15.170465,,Yes,Yes,Yes,1,https://github.com/miniapp-factory/qwsaq,https://qwsaq.miniapp-factory.marketplace.openxai.network,"Alert, Crypto, Portfolio, Tracker"
770,qwwery,Qwwery,Active,4,"A versatile coin flip simulator with multiple modes, statistics, and custom options.",2025-11-20T19:45:38Z,2025-11-25T18:18:15.170465,,Yes,Yes,Yes,1,https://github.com/miniapp-factory/qwwery,https://qwwery.miniapp-factory.marketplace.openxai.network,"Entertainment, Platformer"
,racer,Racer,Pending,,,,,,,,,,https://github.com/miniapp-factory/racer,https://racer.miniapp-factory.marketplace.openxai.network,
317,raghavai,Raghavai,Active,5,An open source AI platform designed to empower novel writers with advanced language tools.,2025-11-20T18:25:30Z,2025-11-25T18:19:40.629726,,Yes,Yes,Yes,1,https://github.com/miniapp-factory/raghavai,https://raghavai.miniapp-factory.marketplace.openxai.network,Utility
,raizel,Raizel,Pending,,,,,,,,,,https://github.com/miniapp-factory/raizel,https://raizel.miniapp-factory.marketplace.openxai.network,
318,ramu,Ramu,Active,5,Discover which animal you are most similar to with our fun quiz!,2025-11-20T16:49:35Z,2025-11-25T18:19:40.629726,,Yes,Yes,Yes,1,https://github.com/miniapp-factory/ramu,https://ramu.miniapp-factory.marketplace.openxai.network,"Education, Quiz, Social"
,random-game,Random Game,Inactive,6,Random Game mini app on Mini App Factory,2025-11-25T11:09:59Z,2025-11-26T13:38:44.562365,,Yes,Yes,No,0,https://github.com/miniapp-factory/random-game,https://random-game.miniapp-factory.marketplace.openxai.network,Inactive
771,randomfacts,Randomfacts,Active,4,A mini app that gives you a random fun fact about anything.,2025-11-20T15:30:34Z,2025-11-25T18:19:40.629726,,Yes,Yes,Yes,1,https://github.com/miniapp-factory/randomfacts,https://randomfacts.miniapp-factory.marketplace.openxai.network,Entertainment
772,randommeme,Randommeme,Active,4,Generate a random meme idea about any topic!,2025-11-20T16:57:52Z,2025-11-25T18:19:40.629726,,Yes,Yes,Yes,1,https://github.com/miniapp-factory/randommeme,https://randommeme.miniapp-factory.marketplace.openxai.network,Generator
773,randomquote,Randomquote,Active,4,A fun app that shows inspirational or funny quotes.,2025-11-20T15:37:25Z,2025-11-25T18:19:40.629726,,Yes,Yes,Yes,1,https://github.com/miniapp-factory/randomquote,https://randomquote.miniapp-factory.marketplace.openxai.network,Entertainment
243,rasheed,Rasheed,Active,7,An AI-powered application that provides information about AI.,2025-11-21T06:00:54Z,2025-11-24T23:14:32.222489,,Yes,Yes,Yes,1,https://github.com/miniapp-factory/rasheed,https://rasheed.miniapp-factory.marketplace.openxai.network,AI
774,rattyguang,Rattyguang,Active,4,Find out which animal you are most similar to with our fun quiz!,2025-11-22T19:52:36Z,2025-11-25T18:19:40.629726,,Yes,Yes,Yes,1,https://github.com/miniapp-factory/rattyguang,https://rattyguang.miniapp-factory.marketplace.openxai.network,"Education, Quiz, Social"
30,rdx,Rdx,Active,4,Play the fruit slot machine and share your wins!,2025-11-23T19:16:32Z,2025-11-24T16:30:55.398786,,Yes,Yes,Yes,1,https://github.com/miniapp-factory/rdx,https://rdx.miniapp-factory.marketplace.openxai.network,"Casino, Social"
775,reaction-timetest,Reaction Timetest,Active,4,A quick reaction time game where the screen turns green after a random delay and the player taps as fast as possible.,2025-11-22T08:38:37Z,2025-11-25T18:19:40.629726,,Yes,Yes,Yes,1,https://github.com/miniapp-factory/reaction-timetest,https://reaction-timetest.miniapp-factory.marketplace.openxai.network,Game
776,real-football,Real Football,Active,4,An interactive football game app built with Mini App Factory!,2025-11-22T19:44:10Z,2025-11-25T18:19:40.629726,,Yes,Yes,Yes,1,https://github.com/miniapp-factory/real-football,https://real-football.miniapp-factory.marketplace.openxai.network,Game
90,real-housevies-of-orange-county,Real Housevies Of Orange County,Active,4,Discover your OC Housewife energy with our fun quiz and share your results!,2025-11-23T03:25:33Z,2025-11-24T17:07:36.212532,,Yes,Yes,Yes,1,https://github.com/miniapp-factory/real-housevies-of-orange-county,https://real-housevies-of-orange-county.miniapp-factory.marketplace.openxai.network,"Education, Quiz, Social"
777,realitycheck,Realitycheck,Active,4,"A short, honest reality-check message app.",2025-11-22T15:36:32Z,2025-11-25T18:19:40.629726,,Yes,Yes,Yes,1,https://github.com/miniapp-factory/realitycheck,https://realitycheck.miniapp-factory.marketplace.openxai.network,Utility
778,rebalancemate,Rebalancemate,Active,4,A privacy‑focused portfolio rebalancing calculator that keeps your crypto holdings aligned with target allocations without manual math.,2025-11-20T19:23:12Z,2025-11-25T18:19:40.629726,,Yes,Yes,Yes,1,https://github.com/miniapp-factory/rebalancemate,https://rebalancemate.miniapp-factory.marketplace.openxai.network,"Game, Tracker"
779,recipeai,Recipeai,Active,4,Suggest recipes based on your ingredients.,2025-11-20T16:37:13Z,2025-11-25T18:19:40.629726,,Yes,Yes,Yes,1,https://github.com/miniapp-factory/recipeai,https://recipeai.miniapp-factory.marketplace.openxai.network,Utility
780,recipefinder,Recipefinder,Active,4,Suggest recipes based on ingredients you provide.,2025-11-20T15:57:32Z,2025-11-25T18:19:40.629726,,Yes,Yes,Yes,1,https://github.com/miniapp-factory/recipefinder,https://recipefinder.miniapp-factory.marketplace.openxai.network,Utility
781,refer,Refer,Active,4,"Refer connects antique collectors, dealers, and enthusiasts to buy, sell, and trade antiques securely.",2025-11-20T20:52:25Z,2025-11-25T18:22:43.135051,,Yes,Yes,Yes,1,https://github.com/miniapp-factory/refer,https://refer.miniapp-factory.marketplace.openxai.network,"AI Chat, Education, Finance, Language Learning, Platformer, Social"
782,reggi,Reggi,Active,4,A simple app that checks password strength.,2025-11-21T16:29:42Z,2025-11-25T18:22:43.135051,,Yes,Yes,Yes,1,https://github.com/miniapp-factory/reggi,https://reggi.miniapp-factory.marketplace.openxai.network,Utility
783,reminder,Reminder,Active,4,"Create reminders with date, time, photo, and get phone notifications when due.",2025-11-22T09:57:08Z,2025-11-25T18:22:43.135051,,Yes,Yes,Yes,1,https://github.com/miniapp-factory/reminder,https://reminder.miniapp-factory.marketplace.openxai.network,Utility
784,reminderai,Reminderai,Active,4,Turn user text into a reminder sentence.,2025-11-22T15:43:25Z,2025-11-25T18:22:43.135051,,Yes,Yes,Yes,1,https://github.com/miniapp-factory/reminderai,https://reminderai.miniapp-factory.marketplace.openxai.network,Utility
785,remove,Remove,Active,4,A simple app to burn tokens and receive ETH.,2025-11-21T06:49:04Z,2025-11-25T18:22:43.135051,,Yes,Yes,Yes,1,https://github.com/miniapp-factory/remove,https://remove.miniapp-factory.marketplace.openxai.network,"Crypto, Portfolio"
,rent-wars,Rent Wars,Pending,,,,,,,,,,https://github.com/miniapp-factory/rent-wars,https://rent-wars.miniapp-factory.marketplace.openxai.network,
,rep-master,Rep Master,Pending,,,,,,,,,,https://github.com/miniapp-factory/rep-master,https://rep-master.miniapp-factory.marketplace.openxai.network,
786,resikk,Resikk,Active,4,A simple app that checks if a word or phrase is a palindrome.,2025-11-21T15:55:31Z,2025-11-25T18:22:43.135051,,Yes,Yes,Yes,1,https://github.com/miniapp-factory/resikk,https://resikk.miniapp-factory.marketplace.openxai.network,Utility
,retro-impact,Retro Impact,Pending,,,,,,,,,,https://github.com/miniapp-factory/retro-impact,https://retro-impact.miniapp-factory.marketplace.openxai.network,
43,retro-space-defender,Retro Space Defender,Active,6,Play the classic 2048 game in a mini app.,2025-11-23T02:37:26Z,2025-11-24T17:07:36.212532,,Yes,Yes,Yes,2,https://github.com/miniapp-factory/retro-space-defender,https://retro-space-defender.miniapp-factory.marketplace.openxai.network,"Puzzle, Social"
787,retry,Retry,Active,4,A simple Python chatbot that responds with predefined answers.,2025-11-21T16:23:56Z,2025-11-25T18:22:43.135051,,Yes,Yes,Yes,1,https://github.com/miniapp-factory/retry,https://retry.miniapp-factory.marketplace.openxai.network,"AI, Chat, Crypto, DeFi"
788,riddlemaster,Riddlemaster,Active,4,Solve riddles and have fun!,2025-11-20T15:33:52Z,2025-11-25T18:22:43.135051,,Yes,Yes,Yes,1,https://github.com/miniapp-factory/riddlemaster,https://riddlemaster.miniapp-factory.marketplace.openxai.network,Entertainment
789,riddlequizmini,Riddlequizmini,Active,4,Solve short riddles with ease in this interactive mini app.,2025-11-22T08:42:21Z,2025-11-25T18:22:43.135051,,Yes,Yes,Yes,1,https://github.com/miniapp-factory/riddlequizmini,https://riddlequizmini.miniapp-factory.marketplace.openxai.network,Other
790,risk-level-selector,Risk Level Selector,Active,4,Monitor performance and activity across Layer-2 solutions.,2025-11-22T21:26:15Z,2025-11-25T18:22:43.135051,,Yes,Yes,Yes,1,https://github.com/miniapp-factory/risk-level-selector,https://risk-level-selector.miniapp-factory.marketplace.openxai.network,Utility
791,riskguard,Riskguard,Active,4,"A risk and position‑size calculator for spot and futures trades, helping you avoid blowing up your account.",2025-11-20T18:55:55Z,2025-11-25T18:22:43.135051,,Yes,Yes,Yes,1,https://github.com/miniapp-factory/riskguard,https://riskguard.miniapp-factory.marketplace.openxai.network,Game
792,road-map-to-farcaster,Road Map To Farcaster,Active,4,An app built with Farcaater,2025-11-22T20:04:59Z,2025-11-25T18:22:43.135051,,Yes,Yes,Yes,1,https://github.com/miniapp-factory/road-map-to-farcaster,https://road-map-to-farcaster.miniapp-factory.marketplace.openxai.network,Utility
793,roastgenerator,Roastgenerator,Active,4,Generate a light roast for a friend named {name},2025-11-22T15:39:20Z,2025-11-25T18:24:13.570777,,Yes,Yes,Yes,1,https://github.com/miniapp-factory/roastgenerator,https://roastgenerator.miniapp-factory.marketplace.openxai.network,Generator
794,roastme,Roastme,Active,4,"A light, funny roast of the user, with a generated logo.",2025-11-22T15:10:45Z,2025-11-25T18:24:13.570777,,Yes,Yes,Yes,1,https://github.com/miniapp-factory/roastme,https://roastme.miniapp-factory.marketplace.openxai.network,Generator
319,robo,Robo,Active,5,Play a fruit slot machine and share your wins!,2025-11-20T22:32:46Z,2025-11-25T18:24:13.570777,,Yes,Yes,Yes,1,https://github.com/miniapp-factory/robo,https://robo.miniapp-factory.marketplace.openxai.network,"Casino, Social"
263,rock-paper-scissors,Rock Paper Scissors,Active,6,Play Rock Paper Scissors against the computer in this simple web app.,2025-11-20T22:17:39Z,2025-11-24T23:59:24.860273,,Yes,Yes,Yes,2,https://github.com/miniapp-factory/rock-paper-scissors,https://rock-paper-scissors.miniapp-factory.marketplace.openxai.network,Game
91,rockpaperscissorsai,Rockpaperscissorsai,Active,4,Simulates interviews with feedback.,2025-11-23T03:01:02Z,2025-11-24T17:07:36.212532,,Yes,Yes,Yes,1,https://github.com/miniapp-factory/rockpaperscissorsai,https://rockpaperscissorsai.miniapp-factory.marketplace.openxai.network,Social
,rocky,Rocky,Inactive,4,Rocky mini app on Mini App Factory,2025-11-24T07:49:14Z,2025-11-26T13:38:44.562365,,Yes,Yes,No,0,https://github.com/miniapp-factory/rocky,https://rocky.miniapp-factory.marketplace.openxai.network,Inactive
952,rodefa-studio,Rodefa Studio,Default,2,"Slot machine with 3 columns and 3 rows, each slot contains one fruit.",2025-11-20T14:49:14Z,2025-11-26T13:38:44.562365,,Yes,No,Yes,1,https://github.com/miniapp-factory/rodefa-studio,https://rodefa-studio.miniapp-factory.marketplace.openxai.network,"Casino, Social"
795,rold-trip-to-crypto,Rold Trip To Crypto,Active,4,Enlight newbie on crypto.,2025-11-21T16:54:04Z,2025-11-25T18:24:13.570777,,Yes,Yes,Yes,1,https://github.com/miniapp-factory/rold-trip-to-crypto,https://rold-trip-to-crypto.miniapp-factory.marketplace.openxai.network,Crypto
959,roullette,Roullette,Default,1,An AI-powered tool that helps with mini app factory app.,2025-11-21T14:14:50Z,2025-11-26T13:38:44.562365,,Yes,No,No,0,https://github.com/miniapp-factory/roullette,https://roullette.miniapp-factory.marketplace.openxai.network,AI
796,rtyui,Rtyui,Active,4,"Explore blocks, transactions, addresses, smart contracts, and network statistics in real-time.",2025-11-22T20:20:25Z,2025-11-25T18:24:13.570777,,Yes,Yes,Yes,1,https://github.com/miniapp-factory/rtyui,https://rtyui.miniapp-factory.marketplace.openxai.network,Game
797,rugchecker,Rugchecker,Active,4,RugChecker is a security-focused mini app that analyzes Base network tokens and identifies potential rug-pull indicators.,2025-11-20T16:09:36Z,2025-11-25T18:24:13.570777,,Yes,Yes,Yes,1,https://github.com/miniapp-factory/rugchecker,https://rugchecker.miniapp-factory.marketplace.openxai.network,"Finance, Game"
798,rugpullpredictor,Rugpullpredictor,Active,4,Rug Pull Predictor is a security-focused tool that analyzes new crypto tokens and DeFi projects to assess potential risks.,2025-11-20T21:13:47Z,2025-11-25T18:24:13.570777,,Yes,Yes,Yes,1,https://github.com/miniapp-factory/rugpullpredictor,https://rugpullpredictor.miniapp-factory.marketplace.openxai.network,"Fitness, Game, Health"
136,runner-arena,Runner Arena,Active,10,"A neon low‑poly endless runner with a lofi soundtrack, shop, achievements, leaderboard, and daily challenges.",2025-11-21T03:45:21Z,2025-11-24T23:14:32.222489,,Yes,Yes,Yes,4,https://github.com/miniapp-factory/runner-arena,https://runner-arena.miniapp-factory.marketplace.openxai.network,Platformer
,rushcycle,Rushcycle,Pending,,,,,,,,,,https://github.com/miniapp-factory/rushcycle,https://rushcycle.miniapp-factory.marketplace.openxai.network,
799,rwa-asset-monitor,Rwa Asset Monitor,Active,4,RWA Asset Monitor is a Mini App that tracks tokenized real-world assets (RWAs) across multiple blockchain platforms.,2025-11-22T12:45:53Z,2025-11-25T18:24:13.570777,,Yes,Yes,Yes,1,https://github.com/miniapp-factory/rwa-asset-monitor,https://rwa-asset-monitor.miniapp-factory.marketplace.openxai.network,"Alert, Crypto, DeFi, Tracker"
800,s4shahzaib,S4Shahzaib,Active,4,Find out which animal you are most similar to with our fun quiz!,2025-11-20T21:11:47Z,2025-11-25T18:24:13.570777,,Yes,Yes,Yes,1,https://github.com/miniapp-factory/s4shahzaib,https://s4shahzaib.miniapp-factory.marketplace.openxai.network,"Education, Quiz, Social"
801,saddycat,Saddycat,Active,4,"An app about feeling lost, crying, and sadness.",2025-11-21T09:22:31Z,2025-11-25T18:24:13.570777,,Yes,Yes,Yes,1,https://github.com/miniapp-factory/saddycat,https://saddycat.miniapp-factory.marketplace.openxai.network,Utility
92,salaman,Salaman,Active,4,Discover which animal you are most similar to with our fun quiz!,2025-11-23T05:23:44Z,2025-11-24T17:07:36.212532,,Yes,Yes,Yes,1,https://github.com/miniapp-factory/salaman,https://salaman.miniapp-factory.marketplace.openxai.network,"Education, Quiz, Social"
147,salar,Salar,Active,9,Play the classic 2048 game in a mini app.,2025-11-20T18:42:41Z,2025-11-24T23:14:32.222489,,Yes,Yes,Yes,1,https://github.com/miniapp-factory/salar,https://salar.miniapp-factory.marketplace.openxai.network,"Puzzle, Social"
960,sammi,Sammi,Default,1,An AI-powered tool that helps with mini app factory app.,2025-11-22T20:41:58Z,2025-11-26T13:38:44.562365,,Yes,No,No,0,https://github.com/miniapp-factory/sammi,https://sammi.miniapp-factory.marketplace.openxai.network,AI
961,sanmura,Sanmura,Default,1,An AI-powered tool that helps with mini app factory app.,2025-11-22T08:27:53Z,2025-11-26T13:38:44.562365,,Yes,No,No,0,https://github.com/miniapp-factory/sanmura,https://sanmura.miniapp-factory.marketplace.openxai.network,AI
,santa,Santa,Pending,,,,,,,,,,https://github.com/miniapp-factory/santa,https://santa.miniapp-factory.marketplace.openxai.network,
802,santa-bai,Santa Bai,Active,4,Play the classic 2048 game in a mini app.,2025-11-20T17:53:27Z,2025-11-25T18:25:53.470700,,Yes,Yes,Yes,1,https://github.com/miniapp-factory/santa-bai,https://santa-bai.miniapp-factory.marketplace.openxai.network,"Puzzle, Social"
803,santoshtech,Santoshtech,Active,4,Find out which animal you are most similar to with our fun quiz!,2025-11-20T16:38:56Z,2025-11-25T18:25:53.470700,,Yes,Yes,Yes,1,https://github.com/miniapp-factory/santoshtech,https://santoshtech.miniapp-factory.marketplace.openxai.network,"Education, Quiz, Social"
320,sara,Sara,Active,5,Spin the fruits and win! Share your results on Farcaster.,2025-11-20T18:07:46Z,2025-11-25T18:25:53.470700,,Yes,Yes,Yes,1,https://github.com/miniapp-factory/sara,https://sara.miniapp-factory.marketplace.openxai.network,"Casino, Social"
,sarangola,Sarangola,Pending,,,,,,,,,,https://github.com/miniapp-factory/sarangola,https://sarangola.miniapp-factory.marketplace.openxai.network,
962,sardeoav25,Sardeoav25,Default,1,An AI-powered tool that helps with mini app factory app.,2025-11-22T08:32:44Z,2025-11-26T13:38:44.562365,,Yes,No,No,0,https://github.com/miniapp-factory/sardeoav25,https://sardeoav25.miniapp-factory.marketplace.openxai.network,AI
31,sasaa,Sasaa,Active,4,"A Next.js application built with the Mini App Factory, demonstrating dynamic content and modern UI components.",2025-11-23T18:40:04Z,2025-11-24T16:30:55.398786,,Yes,Yes,Yes,1,https://github.com/miniapp-factory/sasaa,https://sasaa.miniapp-factory.marketplace.openxai.network,Utility
155,sayhello,Sayhello,Active,8,Click to reveal the greeting and watch the logo appear.,2025-11-20T19:26:46Z,2025-11-24T23:14:32.222489,,Yes,Yes,Yes,2,https://github.com/miniapp-factory/sayhello,https://sayhello.miniapp-factory.marketplace.openxai.network,"Education, Quiz"
804,scribble-mint,Scribble Mint,Active,4,A Doodle-to-Wallet Mini App,2025-11-22T02:29:57Z,2025-11-25T18:25:53.470700,,Yes,Yes,Yes,1,https://github.com/miniapp-factory/scribble-mint,https://scribble-mint.miniapp-factory.marketplace.openxai.network,Game
805,selfi,Selfi,Active,4,A simple login system demo.,2025-11-21T16:35:46Z,2025-11-25T18:25:53.470700,,Yes,Yes,Yes,1,https://github.com/miniapp-factory/selfi,https://selfi.miniapp-factory.marketplace.openxai.network,"Crypto, DeFi, Tracker"
,sensei-character-quiz,Sensei Character Quiz,Pending,,,,,,,,,,https://github.com/miniapp-factory/sensei-character-quiz,https://sensei-character-quiz.miniapp-factory.marketplace.openxai.network,
806,sentencebuildergame,Sentencebuildergame,Active,4,Assemble correct sentences with ease.,2025-11-22T08:40:09Z,2025-11-25T18:25:53.470700,,Yes,Yes,Yes,1,https://github.com/miniapp-factory/sentencebuildergame,https://sentencebuildergame.miniapp-factory.marketplace.openxai.network,Game
963,seregachers,Seregachers,Default,1,An AI-powered tool that helps with mini app factory app.,2025-11-21T04:28:48Z,2025-11-26T13:38:44.562365,,Yes,No,No,0,https://github.com/miniapp-factory/seregachers,https://seregachers.miniapp-factory.marketplace.openxai.network,AI
807,seta,Seta,Active,4,A community-driven platform for swapping unique T-shirts.,2025-11-20T19:35:32Z,2025-11-25T18:25:53.470700,,Yes,Yes,Yes,1,https://github.com/miniapp-factory/seta,https://seta.miniapp-factory.marketplace.openxai.network,"AI Chat, Platformer, Social"
321,seve-many,Seve Many,Active,5,An app that determines the best clothing brand for you.,2025-11-21T08:31:26Z,2025-11-25T18:25:53.470700,,Yes,Yes,Yes,1,https://github.com/miniapp-factory/seve-many,https://seve-many.miniapp-factory.marketplace.openxai.network,Utility
,shadow-runner,Shadow Runner,Pending,,,,,,,,,,https://github.com/miniapp-factory/shadow-runner,https://shadow-runner.miniapp-factory.marketplace.openxai.network,
,sharedates,Sharedates,Pending,,,,,,,,,,https://github.com/miniapp-factory/sharedates,https://sharedates.miniapp-factory.marketplace.openxai.network,
93,sharktank,Sharktank,Active,4,Discover your entrepreneurial style with our interactive quiz!,2025-11-23T04:18:25Z,2025-11-24T17:07:36.212532,,Yes,Yes,Yes,1,https://github.com/miniapp-factory/sharktank,https://sharktank.miniapp-factory.marketplace.openxai.network,"Education, Quiz, Social"
808,shehu-ibrahim,Shehu Ibrahim,Active,4,An app celebrating the love of Shehu Ibrahim Inyass.,2025-11-21T11:09:18Z,2025-11-25T18:27:34.214861,,Yes,Yes,Yes,1,https://github.com/miniapp-factory/shehu-ibrahim,https://shehu-ibrahim.miniapp-factory.marketplace.openxai.network,Utility
809,shill2earn,Shill2Earn,Active,4,Play the classic 2048 game in this mini app.,2025-11-20T14:47:23Z,2025-11-25T18:27:34.214861,,Yes,Yes,Yes,1,https://github.com/miniapp-factory/shill2earn,https://shill2earn.miniapp-factory.marketplace.openxai.network,"Puzzle, Social"
810,shoose,Shoose,Active,4,"A mobile platform that lets users trade shoes, upload listings, browse, and chat to negotiate exchanges.",2025-11-20T19:31:50Z,2025-11-25T18:27:34.214861,,Yes,Yes,Yes,1,https://github.com/miniapp-factory/shoose,https://shoose.miniapp-factory.marketplace.openxai.network,"AI Chat, Card Game, Social"
264,shortnews,Shortnews,Active,6,Summarize news about any topic in two sentences.,2025-11-22T15:41:49Z,2025-11-24T23:59:24.860273,,Yes,Yes,Yes,1,https://github.com/miniapp-factory/shortnews,https://shortnews.miniapp-factory.marketplace.openxai.network,Tracker
811,simpbot,Simpbot,Active,4,Send a simp message to your crush with ease.,2025-11-22T15:40:49Z,2025-11-25T18:27:34.214861,,Yes,Yes,Yes,1,https://github.com/miniapp-factory/simpbot,https://simpbot.miniapp-factory.marketplace.openxai.network,Utility
265,simple-crypto-calculator,Simple Crypto Calculator,Active,6,"Analyze crypto market sentiment using public data, social media trends, and market indicators.",2025-11-22T21:29:36Z,2025-11-24T23:59:24.860273,,Yes,Yes,Yes,1,https://github.com/miniapp-factory/simple-crypto-calculator,https://simple-crypto-calculator.miniapp-factory.marketplace.openxai.network,"Alert, Calculator, Crypto, Social"
266,simple-risk-journal,Simple Risk Journal,Active,6,Create a simple app that allows users to record and review their daily trading or investment risk notes.,2025-11-21T18:56:46Z,2025-11-24T23:59:24.860273,,Yes,Yes,Yes,1,https://github.com/miniapp-factory/simple-risk-journal,https://simple-risk-journal.miniapp-factory.marketplace.openxai.network,"Finance, Game"
812,simpleportfolio,Simpleportfolio,Active,4,Simple Portfolio Value Tracker provides users with a quick overview of the total value of their cryptocurrency holdings.,2025-11-21T11:05:46Z,2025-11-25T18:27:34.214861,,Yes,Yes,Yes,1,https://github.com/miniapp-factory/simpleportfolio,https://simpleportfolio.miniapp-factory.marketplace.openxai.network,"Game, Tracker"
,singsaya-app,Singsaya App,Pending,,,,,,,,,,https://github.com/miniapp-factory/singsaya-app,https://singsaya-app.miniapp-factory.marketplace.openxai.network,
964,sip-calc,Sip Calc,Default,1,An AI-powered tool that helps with mini app factory app.,2025-11-22T05:44:12Z,2025-11-26T13:38:44.562365,,Yes,No,No,0,https://github.com/miniapp-factory/sip-calc,https://sip-calc.miniapp-factory.marketplace.openxai.network,AI
,skill-path,Skill Path,Pending,,,,,,,,,,https://github.com/miniapp-factory/skill-path,https://skill-path.miniapp-factory.marketplace.openxai.network,
813,sleepcoach,Sleepcoach,Active,4,Get personalized tips for better sleep tonight.,2025-11-22T15:35:01Z,2025-11-25T18:27:34.214861,,Yes,Yes,Yes,1,https://github.com/miniapp-factory/sleepcoach,https://sleepcoach.miniapp-factory.marketplace.openxai.network,"Fitness, Health"
953,slipguard,Slipguard,Default,2,Idea: A slippage estimator for both CEX and DEX trades.,2025-11-20T19:03:35Z,2025-11-26T13:38:44.562365,,Yes,No,Yes,1,https://github.com/miniapp-factory/slipguard,https://slipguard.miniapp-factory.marketplace.openxai.network,Game
814,slogan-tagline-generator,Slogan Tagline Generator,Active,4,Generate catchy slogans tailored to your industry and audience.,2025-11-22T04:04:23Z,2025-11-25T18:27:34.214861,,Yes,Yes,Yes,1,https://github.com/miniapp-factory/slogan-tagline-generator,https://slogan-tagline-generator.miniapp-factory.marketplace.openxai.network,Generator
19,sloths-booms,Sloths Booms,Active,7,Spin the fruits and win big with the Fruit Slot Machine app!,2025-11-23T15:56:00Z,2025-11-24T16:30:55.398786,,Yes,Yes,Yes,2,https://github.com/miniapp-factory/sloths-booms,https://sloths-booms.miniapp-factory.marketplace.openxai.network,"Casino, Social"
,slots,Slots,Pending,,,,,,,,,,https://github.com/miniapp-factory/slots,https://slots.miniapp-factory.marketplace.openxai.network,
244,slots-base,Slots Base,Active,7,Spin the reels and win with fruit slots!,2025-11-23T00:32:29Z,2025-11-24T23:14:32.222489,,Yes,Yes,Yes,3,https://github.com/miniapp-factory/slots-base,https://slots-base.miniapp-factory.marketplace.openxai.network,"Casino, Social"
815,small-projectmanager,Small Projectmanager,Active,4,An app that helps users set and track savings and investment goals.,2025-11-23T01:38:56Z,2025-11-25T18:27:34.214861,,Yes,Yes,Yes,1,https://github.com/miniapp-factory/small-projectmanager,https://small-projectmanager.miniapp-factory.marketplace.openxai.network,Finance
816,smart,Smart,Active,4,"An AI-powered personal development app that analyzes habits, emotions, and goals to provide personalized growth plans, gamified progress, and...",2025-11-20T23:12:42Z,2025-11-25T18:27:34.214861,,Yes,Yes,Yes,1,https://github.com/miniapp-factory/smart,https://smart.miniapp-factory.marketplace.openxai.network,"AI, Game"
817,smart-meetingscheduler,Smart Meetingscheduler,Active,4,Finds optimal meeting times across calendars.,2025-11-22T08:37:38Z,2025-11-25T18:27:34.214861,,Yes,Yes,Yes,1,https://github.com/miniapp-factory/smart-meetingscheduler,https://smart-meetingscheduler.miniapp-factory.marketplace.openxai.network,Utility
818,smartcontractaudit,Smartcontractaudit,Active,4,Smart Contract Audit Checker helps users quickly assess the security of smart contracts.,2025-11-20T22:08:29Z,2025-11-25T18:29:11.985018,,Yes,Yes,Yes,1,https://github.com/miniapp-factory/smartcontractaudit,https://smartcontractaudit.miniapp-factory.marketplace.openxai.network,"Alert, Crypto, DeFi, Trading"
819,smartmoneyflow,Smartmoneyflow,Active,4,"Tracks on-chain movements of profitable wallets, funds, whales, and smart money entities to identify early trends, token accumulation, and major...",2025-11-21T08:21:53Z,2025-11-25T18:29:11.985018,,Yes,Yes,Yes,1,https://github.com/miniapp-factory/smartmoneyflow,https://smartmoneyflow.miniapp-factory.marketplace.openxai.network,Game
,smartstudy-ai,Smartstudy Ai,Pending,,,,,,,,,,https://github.com/miniapp-factory/smartstudy-ai,https://smartstudy-ai.miniapp-factory.marketplace.openxai.network,
820,smcc-app,Smcc App,Active,4,An app that helps you create engaging social media content.,2025-11-21T13:29:57Z,2025-11-25T18:29:11.985018,,Yes,Yes,Yes,1,https://github.com/miniapp-factory/smcc-app,https://smcc-app.miniapp-factory.marketplace.openxai.network,"Generator, Social"
954,snai,Snai,Default,2,"Allows someone to find out which animal (cat, dog, fox, hamster, horse) they are most similar to by answering 5 multiple.",2025-11-20T19:29:27Z,2025-11-26T13:38:44.562365,,Yes,No,Yes,1,https://github.com/miniapp-factory/snai,https://snai.miniapp-factory.marketplace.openxai.network,"Education, Quiz, Social"
267,snake,Snake,Active,6,Play 2048 on the Mini App Factory!,2025-11-20T15:00:51Z,2025-11-24T23:59:24.860273,,Yes,Yes,Yes,2,https://github.com/miniapp-factory/snake,https://snake.miniapp-factory.marketplace.openxai.network,"Puzzle, Social"
322,snake-base,Snake Base,Active,5,Play a fast and clean Snake game with Base blue and white theme.,2025-11-20T14:58:09Z,2025-11-25T18:29:11.985018,,Yes,Yes,Yes,1,https://github.com/miniapp-factory/snake-base,https://snake-base.miniapp-factory.marketplace.openxai.network,Classic
,snake-blast,Snake Blast,Pending,,,,,,,,,,https://github.com/miniapp-factory/snake-blast,https://snake-blast.miniapp-factory.marketplace.openxai.network,
127,snake-rush,Snake Rush,Active,11,Play the animal-themed slot machine and share your wins!,2025-11-22T23:29:36Z,2025-11-24T23:14:32.222489,,Yes,Yes,Yes,3,https://github.com/miniapp-factory/snake-rush,https://snake-rush.miniapp-factory.marketplace.openxai.network,"Casino, Social"
,snakebitin,Snakebitin,Pending,,,,,,,,,,https://github.com/miniapp-factory/snakebitin,https://snakebitin.miniapp-factory.marketplace.openxai.network,
821,snakeclassic,Snakeclassic,Active,4,An example app built with the Mini App Factory.,2025-11-23T02:16:08Z,2025-11-25T18:29:11.985018,,Yes,Yes,Yes,1,https://github.com/miniapp-factory/snakeclassic,https://snakeclassic.miniapp-factory.marketplace.openxai.network,Utility
822,snowman,Snowman,Active,4,Spin and win with our fruit slot machine app!,2025-11-21T17:17:37Z,2025-11-25T18:29:11.985018,,Yes,Yes,Yes,1,https://github.com/miniapp-factory/snowman,https://snowman.miniapp-factory.marketplace.openxai.network,"Casino, Social"
,soap-vs-germs,Soap Vs Germs,Pending,,,,,,,,,,https://github.com/miniapp-factory/soap-vs-germs,https://soap-vs-germs.miniapp-factory.marketplace.openxai.network,
823,social-media-contentcreator,Social Media Contentcreator,Active,4,"Generate engaging captions, hashtags, and visuals for your social media content with the Mini App Factory App.",2025-11-22T03:57:01Z,2025-11-25T18:29:11.985018,,Yes,Yes,Yes,1,https://github.com/miniapp-factory/social-media-contentcreator,https://social-media-contentcreator.miniapp-factory.marketplace.openxai.network,"Generator, Social"
824,social-media-manager,Social Media Manager,Active,4,Play the fruit slot machine and share your wins!,2025-11-22T19:22:19Z,2025-11-25T18:29:11.985018,,Yes,Yes,Yes,1,https://github.com/miniapp-factory/social-media-manager,https://social-media-manager.miniapp-factory.marketplace.openxai.network,"Casino, Social"
965,solitude,Solitude,Default,1,An AI-powered tool that helps with mini app factory app.,2025-11-21T00:42:04Z,2025-11-26T13:38:44.562365,,Yes,No,No,0,https://github.com/miniapp-factory/solitude,https://solitude.miniapp-factory.marketplace.openxai.network,AI
94,spaceshootermini,Spaceshootermini,Active,4,An app that corrects errors and improves writing.,2025-11-23T02:22:32Z,2025-11-24T17:07:36.212532,,Yes,Yes,Yes,1,https://github.com/miniapp-factory/spaceshootermini,https://spaceshootermini.miniapp-factory.marketplace.openxai.network,Other
825,speedmath,Speedmath,Active,4,Solve quick math problems instantly.,2025-11-22T08:43:09Z,2025-11-25T18:29:11.985018,,Yes,Yes,Yes,1,https://github.com/miniapp-factory/speedmath,https://speedmath.miniapp-factory.marketplace.openxai.network,Utility
14,speedzgame,Speedzgame,Active,30,Test your reaction speed by pressing the correct button as it lights up.,2025-11-24T19:19:11Z,2025-11-24T17:13:16.323357,,Yes,Yes,Yes,13,https://github.com/miniapp-factory/speedzgame,https://speedzgame.miniapp-factory.marketplace.openxai.network,Game
826,spellingbeemini,Spellingbeemini,Active,4,An app that helps you spell words correctly.,2025-11-22T08:42:18Z,2025-11-25T18:29:11.985018,,Yes,Yes,Yes,1,https://github.com/miniapp-factory/spellingbeemini,https://spellingbeemini.miniapp-factory.marketplace.openxai.network,Other
827,spidy,Spidy,Active,4,A mini app that showcases hacking-themed features.,2025-11-20T18:23:52Z,2025-11-25T18:31:18.230246,,Yes,Yes,Yes,1,https://github.com/miniapp-factory/spidy,https://spidy.miniapp-factory.marketplace.openxai.network,Utility
828,spin-and-win,Spin And Win,Active,4,Play the classic 2048 game in the Mini App Factory!,2025-11-22T13:29:02Z,2025-11-25T18:31:18.230246,,Yes,Yes,Yes,1,https://github.com/miniapp-factory/spin-and-win,https://spin-and-win.miniapp-factory.marketplace.openxai.network,"Puzzle, Social"
966,spin-the-wheel,Spin The Wheel,Default,1,An AI-powered tool that helps with mini app factory app.,2025-11-20T14:16:58Z,2025-11-26T13:38:44.562365,,Yes,No,No,0,https://github.com/miniapp-factory/spin-the-wheel,https://spin-the-wheel.miniapp-factory.marketplace.openxai.network,AI
,sports-travia,Sports Travia,Pending,,,,,,,,,,https://github.com/miniapp-factory/sports-travia,https://sports-travia.miniapp-factory.marketplace.openxai.network,
,square-invasion,Square Invasion,Pending,,,,,,,,,,https://github.com/miniapp-factory/square-invasion,https://square-invasion.miniapp-factory.marketplace.openxai.network,
829,st,St,Active,4,A trailing stop app for USDT using real-time price data from KuCoin.,2025-11-21T06:21:04Z,2025-11-25T18:31:18.230246,,Yes,Yes,Yes,1,https://github.com/miniapp-factory/st,https://st.miniapp-factory.marketplace.openxai.network,Social
830,stablecointracker,Stablecointracker,Active,4,Stablecoin Tracker is a Mini App that monitors popular stablecoins across multiple blockchains.,2025-11-20T18:01:50Z,2025-11-25T18:31:18.230246,,Yes,Yes,Yes,1,https://github.com/miniapp-factory/stablecointracker,https://stablecointracker.miniapp-factory.marketplace.openxai.network,"Alert, Crypto, DeFi, Portfolio, Tracker"
831,staking-pool-comparator,Staking Pool Comparator,Active,4,Staking Pool Comparator is a Mini App that compares staking pools across multiple blockchains and protocols.,2025-11-22T12:09:02Z,2025-11-25T18:31:18.230246,,Yes,Yes,Yes,1,https://github.com/miniapp-factory/staking-pool-comparator,https://staking-pool-comparator.miniapp-factory.marketplace.openxai.network,"Alert, Crypto, DeFi, Tracker"
832,staking-reward-tracker,Staking Reward Tracker,Active,4,Monitors staking rewards across multiple blockchains and protocols.,2025-11-22T10:43:20Z,2025-11-25T18:31:18.230246,,Yes,Yes,Yes,1,https://github.com/miniapp-factory/staking-reward-tracker,https://staking-reward-tracker.miniapp-factory.marketplace.openxai.network,"Alert, Crypto, DeFi, Tracker"
833,stakingpool,Stakingpool,Active,4,Staking Pool Comparator helps crypto users find the most profitable and secure staking pools across multiple protocols.,2025-11-20T21:26:01Z,2025-11-25T18:31:18.230246,,Yes,Yes,Yes,1,https://github.com/miniapp-factory/stakingpool,https://stakingpool.miniapp-factory.marketplace.openxai.network,Game
955,starship,Starship,Default,2,"Slot machine with 3 columns and 3 rows, each slot contains one fruit.",2025-11-24T07:07:34Z,2025-11-26T13:38:44.562365,,Yes,No,Yes,1,https://github.com/miniapp-factory/starship,https://starship.miniapp-factory.marketplace.openxai.network,"Casino, Social"
834,stlill-back,Stlill Back,Active,4,"A simple web app that lets you add, view, and complete tasks.",2025-11-21T15:28:19Z,2025-11-25T18:31:18.230246,,Yes,Yes,Yes,1,https://github.com/miniapp-factory/stlill-back,https://stlill-back.miniapp-factory.marketplace.openxai.network,Utility
22,stonks,Stonks,Active,5,A Farcaster Mini App that lets users buy tickets and win a share of the pot.,2025-11-23T13:55:17Z,2025-11-24T16:30:55.398786,,Yes,Yes,Yes,1,https://github.com/miniapp-factory/stonks,https://stonks.miniapp-factory.marketplace.openxai.network,"Game, Social"
,store-smart-calculator,Store Smart Calculator,Inactive,4,SearchReplaceNoExactMatch: This SEARCH block failed to exactly match lines in mini-app/components/savage-cfo-enterprise-pro.tsx,2025-11-25T13:44:31Z,2025-11-26T13:38:44.562365,,Yes,Yes,Yes,1,https://github.com/miniapp-factory/store-smart-calculator,https://store-smart-calculator.miniapp-factory.marketplace.openxai.network,Inactive
835,storygenerator,Storygenerator,Active,4,Generate short stories based on a theme.,2025-11-20T16:59:00Z,2025-11-25T18:31:18.230246,,Yes,Yes,Yes,1,https://github.com/miniapp-factory/storygenerator,https://storygenerator.miniapp-factory.marketplace.openxai.network,Generator
836,storyprompt,Storyprompt,Active,4,Generate creative writing prompts for any topic.,2025-11-22T15:37:58Z,2025-11-25T18:31:18.230246,,Yes,Yes,Yes,1,https://github.com/miniapp-factory/storyprompt,https://storyprompt.miniapp-factory.marketplace.openxai.network,Generator
268,sts,Sts,Active,6,Play the classic 2048 game in a mini app.,2025-11-22T09:13:28Z,2025-11-24T23:59:24.860273,,Yes,Yes,Yes,1,https://github.com/miniapp-factory/sts,https://sts.miniapp-factory.marketplace.openxai.network,"Puzzle, Social"
95,studbud,Studbud,Active,4,"A dynamic quiz that reveals the study techniques best suited to your learning style, with visual examples and instant results.",2025-11-23T08:24:35Z,2025-11-24T17:13:16.323357,,Yes,Yes,Yes,1,https://github.com/miniapp-factory/studbud,https://studbud.miniapp-factory.marketplace.openxai.network,"Education, Language Learning, Quiz"
910,studmate,Studmate,Default,2,UniMatch is an interactive quiz designed to help students discover which universities in Mindanao best fit their preferences.,2025-11-23T10:38:05Z,2025-11-24T17:13:16.323357,,Yes,Yes,Yes,1,https://github.com/miniapp-factory/studmate,https://studmate.miniapp-factory.marketplace.openxai.network,"Education, Fitness, Health, Quiz"
837,study-scheduleplanner,Study Scheduleplanner,Active,4,An app that suggests study timelines and priorities.,2025-11-22T03:10:42Z,2025-11-25T18:33:18.439596,,Yes,Yes,Yes,1,https://github.com/miniapp-factory/study-scheduleplanner,https://study-scheduleplanner.miniapp-factory.marketplace.openxai.network,Education
838,studybuddy,Studybuddy,Active,4,Summarize any text into concise bullet points.,2025-11-20T16:43:48Z,2025-11-25T18:33:18.439596,,Yes,Yes,Yes,1,https://github.com/miniapp-factory/studybuddy,https://studybuddy.miniapp-factory.marketplace.openxai.network,Education
839,studyhelper,Studyhelper,Active,4,An app that summarizes texts and provides key study points.,2025-11-20T15:17:58Z,2025-11-25T18:33:18.439596,,Yes,Yes,Yes,1,https://github.com/miniapp-factory/studyhelper,https://studyhelper.miniapp-factory.marketplace.openxai.network,Education
840,stx,Stx,Active,4,A lightweight mini‑app for exchanging digital stickers quickly and interactively.,2025-11-20T19:12:17Z,2025-11-25T18:33:18.439596,,Yes,Yes,Yes,1,https://github.com/miniapp-factory/stx,https://stx.miniapp-factory.marketplace.openxai.network,"AI Chat, Finance, Game, Social"
245,sudoku,Sudoku,Active,7,Play Sudoku and test your skills!,2025-11-20T19:10:22Z,2025-11-24T23:14:32.222489,,Yes,Yes,Yes,3,https://github.com/miniapp-factory/sudoku,https://sudoku.miniapp-factory.marketplace.openxai.network,Puzzle
269,sudoku-puzzle,Sudoku Puzzle,Active,6,"Play Sudoku with Easy, Medium, and Hard levels, track your best times, and pause/resume the game.",2025-11-20T17:43:07Z,2025-11-24T23:59:24.860273,,Yes,Yes,Yes,2,https://github.com/miniapp-factory/sudoku-puzzle,https://sudoku-puzzle.miniapp-factory.marketplace.openxai.network,Puzzle
967,sudoku-tutor,Sudoku Tutor,Default,1,An AI-powered tool that helps with mini app factory app.,2025-11-22T08:15:45Z,2025-11-26T13:38:44.562365,,Yes,No,No,0,https://github.com/miniapp-factory/sudoku-tutor,https://sudoku-tutor.miniapp-factory.marketplace.openxai.network,AI
968,sudoku-tutor-guide,Sudoku Tutor Guide,Default,1,An AI-powered tool that helps with mini app factory app.,2025-11-22T08:22:34Z,2025-11-26T13:38:44.562365,,Yes,No,No,0,https://github.com/miniapp-factory/sudoku-tutor-guide,https://sudoku-tutor-guide.miniapp-factory.marketplace.openxai.network,AI
841,sui,Sui,Active,4,An app showcasing perpetual trading concepts.,2025-11-20T15:55:42Z,2025-11-25T18:33:18.439596,,Yes,Yes,Yes,1,https://github.com/miniapp-factory/sui,https://sui.miniapp-factory.marketplace.openxai.network,Finance
969,super-maria,Super Maria,Default,1,An AI-powered tool that helps with mini app factory app.,2025-11-22T08:19:19Z,2025-11-26T13:38:44.562365,,Yes,No,No,0,https://github.com/miniapp-factory/super-maria,https://super-maria.miniapp-factory.marketplace.openxai.network,AI
148,super-mario,Super Mario,Active,9,Play a simple side‑scrolling Super Mario style game.,2025-11-20T22:51:22Z,2025-11-24T23:14:32.222489,,Yes,Yes,Yes,4,https://github.com/miniapp-factory/super-mario,https://super-mario.miniapp-factory.marketplace.openxai.network,"Platformer, Social"
270,supercool,Supercool,Active,6,Find out which animal you are most similar to with our quick quiz!,2025-11-21T16:42:25Z,2025-11-24T23:59:24.860273,,Yes,Yes,Yes,1,https://github.com/miniapp-factory/supercool,https://supercool.miniapp-factory.marketplace.openxai.network,"Education, Quiz, Social"
,survival-box,Survival Box,Pending,,,,,,,,,,https://github.com/miniapp-factory/survival-box,https://survival-box.miniapp-factory.marketplace.openxai.network,
842,swapper,Swapper,Active,4,"A friendly, sleek web3 swap interface for everyone.",2025-11-20T21:08:24Z,2025-11-25T18:33:18.439596,,Yes,Yes,Yes,1,https://github.com/miniapp-factory/swapper,https://swapper.miniapp-factory.marketplace.openxai.network,Crypto
843,swera,Swera,Active,4,Take the quiz to discover which animal you are most similar to. Share your result with friends!,2025-11-20T17:07:04Z,2025-11-25T18:33:18.439596,,Yes,Yes,Yes,1,https://github.com/miniapp-factory/swera,https://swera.miniapp-factory.marketplace.openxai.network,"Education, Quiz, Social"
,swipe-color,Swipe Color,Pending,,,,,,,,,,https://github.com/miniapp-factory/swipe-color,https://swipe-color.miniapp-factory.marketplace.openxai.network,
,tacx,Tacx,Pending,,,,,,,,,,https://github.com/miniapp-factory/tacx,https://tacx.miniapp-factory.marketplace.openxai.network,
844,tag-me,Tag Me,Active,4,Tag me helps users tag media or files so they can be sorted easily by those tags.,2025-11-20T15:48:06Z,2025-11-25T18:33:18.439596,,Yes,Yes,Yes,1,https://github.com/miniapp-factory/tag-me,https://tag-me.miniapp-factory.marketplace.openxai.network,Utility
96,tapfishing,Tapfishing,Active,4,An app that helps allocate budget and manage messaging.,2025-11-23T02:38:25Z,2025-11-24T17:13:16.323357,,Yes,Yes,Yes,1,https://github.com/miniapp-factory/tapfishing,https://tapfishing.miniapp-factory.marketplace.openxai.network,Finance
117,tapquest,Tapquest,Active,15,A fast 30‑second tap game that looks premium and is easy to extend.,2025-11-21T18:02:34Z,2025-11-24T23:14:32.222489,,Yes,Yes,Yes,6,https://github.com/miniapp-factory/tapquest,https://tapquest.miniapp-factory.marketplace.openxai.network,Game
,task-decomposition-engine,Task Decomposition Engine,Pending,,,,,,,,,,https://github.com/miniapp-factory/task-decomposition-engine,https://task-decomposition-engine.miniapp-factory.marketplace.openxai.network,
867,task-manager,Task Manager,Active,3,Play the slot machine and share your wins!,2025-11-22T19:25:55Z,2025-11-25T18:33:18.439596,,Yes,Yes,Yes,1,https://github.com/miniapp-factory/task-manager,https://task-manager.miniapp-factory.marketplace.openxai.network,"Casino, Social"
845,task-manager-for-traders,Task Manager For Traders,Active,4,A simple task manager for crypto traders to organize daily tasks.,2025-11-21T14:29:16Z,2025-11-25T18:35:30.622157,,Yes,Yes,Yes,1,https://github.com/miniapp-factory/task-manager-for-traders,https://task-manager-for-traders.miniapp-factory.marketplace.openxai.network,Card Game
846,tax-planninghelper,Tax Planninghelper,Active,4,Provides tax-related reminders and guidance.,2025-11-22T08:37:03Z,2025-11-25T18:35:30.622157,,Yes,Yes,Yes,1,https://github.com/miniapp-factory/tax-planninghelper,https://tax-planninghelper.miniapp-factory.marketplace.openxai.network,Utility
847,teddi,Teddi,Active,4,A simple 2D game built with the Mini App Factory framework!,2025-11-21T11:40:49Z,2025-11-25T18:35:30.622157,,Yes,Yes,Yes,1,https://github.com/miniapp-factory/teddi,https://teddi.miniapp-factory.marketplace.openxai.network,Game
848,test,Test,Active,4,"A Farcaster Mini App for interactive Web3 quizzes, personality tests, and community quiz creation.",2025-11-20T18:34:42Z,2025-11-25T18:35:30.622157,,Yes,Yes,Yes,1,https://github.com/miniapp-factory/test,https://test.miniapp-factory.marketplace.openxai.network,"Education, Quiz, Social"
323,testermitch,Testermitch,Active,5,Play the classic 2048 game in this mini app.,2025-11-21T03:57:11Z,2025-11-25T18:35:30.622157,,Yes,Yes,Yes,1,https://github.com/miniapp-factory/testermitch,https://testermitch.miniapp-factory.marketplace.openxai.network,"Puzzle, Social"
970,tetris,Tetris,Default,1,An AI-powered tool that helps with mini app factory app.,2025-11-22T08:30:40Z,2025-11-26T13:38:44.562365,,Yes,No,No,0,https://github.com/miniapp-factory/tetris,https://tetris.miniapp-factory.marketplace.openxai.network,AI
849,tetris-block,Tetris Block,Active,4,Play the simple Block Grid game.,2025-11-22T17:01:16Z,2025-11-25T18:35:30.622157,,Yes,Yes,Yes,1,https://github.com/miniapp-factory/tetris-block,https://tetris-block.miniapp-factory.marketplace.openxai.network,Game
,the-final-witness,The Final Witness,Pending,,,,,,,,,,https://github.com/miniapp-factory/the-final-witness,https://the-final-witness.miniapp-factory.marketplace.openxai.network,
,the-king-thaddues,The King Thaddues,Pending,,,,,,,,,,https://github.com/miniapp-factory/the-king-thaddues,https://the-king-thaddues.miniapp-factory.marketplace.openxai.network,
,the-oracle,The Oracle,Inactive,1,The Oracle mini app on Mini App Factory,2025-11-24T11:15:23Z,2025-11-26T13:38:44.562365,,Yes,Yes,No,0,https://github.com/miniapp-factory/the-oracle,https://the-oracle.miniapp-factory.marketplace.openxai.network,Inactive
,the-perfect-10,The Perfect 10,Inactive,0,The Perfect 10 mini app on Mini App Factory,2025-11-26T13:16:21.732041,2025-11-26T13:38:44.562365,,Yes,Yes,No,0,https://github.com/miniapp-factory/the-perfect-10,https://the-perfect-10.miniapp-factory.marketplace.openxai.network,Inactive
850,the-rice-and-cotton,The Rice And Cotton,Active,4,Find out which animal you are most similar to with our fun quiz!,2025-11-20T18:28:59Z,2025-11-25T18:35:30.622157,,Yes,Yes,Yes,1,https://github.com/miniapp-factory/the-rice-and-cotton,https://the-rice-and-cotton.miniapp-factory.marketplace.openxai.network,"Education, Quiz, Social"
,thefoolchemistrywizard,Thefoolchemistrywizard,Inactive,15,SearchReplaceNoExactMatch: This SEARCH block failed to exactly match lines in mini-app/components/chemistry-wizard.tsx,2025-11-24T15:05:07Z,2025-11-26T13:38:44.562365,,Yes,Yes,Yes,4,https://github.com/miniapp-factory/thefoolchemistrywizard,https://thefoolchemistrywizard.miniapp-factory.marketplace.openxai.network,Inactive
971,tiara,Tiara,Default,1,An AI-powered tool that helps with mini app factory app.,2025-11-22T08:32:44Z,2025-11-26T13:38:44.562365,,Yes,No,No,0,https://github.com/miniapp-factory/tiara,https://tiara.miniapp-factory.marketplace.openxai.network,AI
851,tic-tac-toe-soman,Tic Tac Toe Soman,Active,4,Play a fun tic‑tac‑toe game against an AI!,2025-11-22T11:48:33Z,2025-11-25T18:35:30.622157,,Yes,Yes,Yes,1,https://github.com/miniapp-factory/tic-tac-toe-soman,https://tic-tac-toe-soman.miniapp-factory.marketplace.openxai.network,Game
97,tictactoeai,Tictactoeai,Active,4,An app that helps students manage stress and improve study habits.,2025-11-23T03:00:35Z,2025-11-24T17:13:16.323357,,Yes,Yes,Yes,1,https://github.com/miniapp-factory/tictactoeai,https://tictactoeai.miniapp-factory.marketplace.openxai.network,Education
271,tiktaktoe,Tiktaktoe,Active,6,Play Tic Tac Toe with AI in a colorful grid!,2025-11-23T00:34:39Z,2025-11-24T23:59:24.860273,,Yes,Yes,Yes,1,https://github.com/miniapp-factory/tiktaktoe,https://tiktaktoe.miniapp-factory.marketplace.openxai.network,Game
972,tiktaktok,Tiktaktok,Default,1,An AI-powered tool that helps with mini app factory app.,2025-11-22T08:29:11Z,2025-11-26T13:38:44.562365,,Yes,No,No,0,https://github.com/miniapp-factory/tiktaktok,https://tiktaktok.miniapp-factory.marketplace.openxai.network,AI
852,time-trackingtool,Time Trackingtool,Active,4,Tracks work hours and summarizes productivity.,2025-11-22T04:22:38Z,2025-11-25T18:35:30.622157,,Yes,Yes,Yes,1,https://github.com/miniapp-factory/time-trackingtool,https://time-trackingtool.miniapp-factory.marketplace.openxai.network,Tracker
149,times-2048,Times 2048,Active,9,Play the classic 2048 game in this mini app.,2025-11-22T22:29:18Z,2025-11-24T23:14:32.222489,,Yes,Yes,Yes,4,https://github.com/miniapp-factory/times-2048,https://times-2048.miniapp-factory.marketplace.openxai.network,"Puzzle, Social"
853,tini,Tini,Active,4,"Upload payslips, receipts, and tax forms to get an instant, explainable estimate of tax due or refund across the US, Canada, and Europe.",2025-11-20T19:08:29Z,2025-11-25T18:37:20.865225,,Yes,Yes,Yes,1,https://github.com/miniapp-factory/tini,https://tini.miniapp-factory.marketplace.openxai.network,"AI, Game"
32,tiny-frogger,Tiny Frogger,Active,1,Recreate the old classic Frogger Game where the frogs tries to cross over many traffic lanes without being hit by moving cars.,2025-11-24T23:23:39Z,2025-11-24T16:32:08.439488,,Yes,Yes,Yes,1,https://github.com/miniapp-factory/tiny-frogger,https://tiny-frogger.miniapp-factory.marketplace.openxai.network,Classic
,to-do-list-app,To Do List App,Pending,,,,,,,,,,https://github.com/miniapp-factory/to-do-list-app,https://to-do-list-app.miniapp-factory.marketplace.openxai.network,
854,token-buy-list,Token Buy List,Active,4,Create a simple app that allows users to maintain a personal list of tokens they plan to buy.,2025-11-21T18:18:29Z,2025-11-25T18:37:20.865225,,Yes,Yes,Yes,1,https://github.com/miniapp-factory/token-buy-list,https://token-buy-list.miniapp-factory.marketplace.openxai.network,Game
855,token-comparison-notes,Token Comparison Notes,Active,4,"Create a simple app that allows users to manually compare two tokens by writing notes about their differences, strengths, or weaknesses.",2025-11-22T09:16:02Z,2025-11-25T18:37:20.865225,,Yes,Yes,Yes,1,https://github.com/miniapp-factory/token-comparison-notes,https://token-comparison-notes.miniapp-factory.marketplace.openxai.network,Game
856,token-market-place,Token Market Place,Active,4,A token market app that lets you buy and sell your coin.,2025-11-22T20:50:23Z,2025-11-25T18:37:20.865225,,Yes,Yes,Yes,1,https://github.com/miniapp-factory/token-market-place,https://token-market-place.miniapp-factory.marketplace.openxai.network,Crypto
857,token-priority-list,Token Priority List,Active,4,A simple app to organize tokens by priority.,2025-11-21T13:56:21Z,2025-11-25T18:37:20.865225,,Yes,Yes,Yes,1,https://github.com/miniapp-factory/token-priority-list,https://token-priority-list.miniapp-factory.marketplace.openxai.network,Card Game
858,token-ranking-list,Token Ranking List,Active,4,"A decentralized application for DAO governance, voting, treasury, roles, and community engagement.",2025-11-22T21:22:45Z,2025-11-25T18:37:20.865225,,Yes,Yes,Yes,1,https://github.com/miniapp-factory/token-ranking-list,https://token-ranking-list.miniapp-factory.marketplace.openxai.network,"Crypto, Social"
859,token-social-boost-detector,Token Social Boost Detector,Active,4,Token Social Boost Detector is a Mini App that tracks sudden spikes in social media activity around specific cryptocurrencies.,2025-11-22T12:56:45Z,2025-11-25T18:37:20.865225,,Yes,Yes,Yes,1,https://github.com/miniapp-factory/token-social-boost-detector,https://token-social-boost-detector.miniapp-factory.marketplace.openxai.network,"Alert, Crypto, Social, Tracker, Trading"
860,token-supply-overview,Token Supply Overview,Active,4,Mini App Name: Token Supply Overview Description: Token Supply Overview provides users with a simple view of the supply metrics.,2025-11-21T13:23:09Z,2025-11-25T18:37:20.865225,,Yes,Yes,Yes,1,https://github.com/miniapp-factory/token-supply-overview,https://token-supply-overview.miniapp-factory.marketplace.openxai.network,"Education, Game, Language Learning"
861,token-transaction-clustering-detector,Token Transaction Clustering Detector,Active,4,"Token Transaction Clustering Detector is a Mini App that identifies clusters of token transactions on-chain, revealing patterns of coordinated...",2025-11-22T20:37:17Z,2025-11-25T18:37:20.865225,,Yes,Yes,Yes,1,https://github.com/miniapp-factory/token-transaction-clustering-detector,https://token-transaction-clustering-detector.miniapp-factory.marketplace.openxai.network,Game
862,token-whale-exit-alert,Token Whale Exit Alert,Active,4,Token Whale Exit Alert is a Mini App that monitors large token withdrawals from centralized exchanges and tracks whale movements on-chain.,2025-11-22T12:38:06Z,2025-11-25T18:37:20.865225,,Yes,Yes,Yes,1,https://github.com/miniapp-factory/token-whale-exit-alert,https://token-whale-exit-alert.miniapp-factory.marketplace.openxai.network,"Alert, Crypto, Portfolio, Tracker, Trading"
863,tokenairdrop,Tokenairdrop,Active,4,"Token Airdrop Reminder helps users stay updated on upcoming airdrops, eligibility deadlines, snapshot dates, and claim periods.",2025-11-21T07:21:04Z,2025-11-25T18:37:20.865225,,Yes,Yes,Yes,1,https://github.com/miniapp-factory/tokenairdrop,https://tokenairdrop.miniapp-factory.marketplace.openxai.network,Game
156,tokenanalyzer,Tokenanalyzer,Active,4,"Fast analysis of new, small-cap, or lesser-known tokens.",2025-11-20T16:41:10Z,2025-11-24T13:44:40.076054,,Yes,Yes,Yes,1,https://github.com/miniapp-factory/tokenanalyzer,https://tokenanalyzer.miniapp-factory.marketplace.openxai.network,Game
157,tokenburn,Tokenburn,Active,4,Token Burn Tracker is a Mini App that monitors token burn events across multiple blockchain projects.,2025-11-20T19:30:48Z,2025-11-24T13:44:39.730636,,Yes,Yes,Yes,1,https://github.com/miniapp-factory/tokenburn,https://tokenburn.miniapp-factory.marketplace.openxai.network,"Alert, Crypto, Tracker, Trading"
158,tokenbuybackmonitor,Tokenbuybackmonitor,Active,4,Token Buyback Monitor is a Mini App that tracks real-time and scheduled token buyback programs across crypto projects.,2025-11-22T17:38:07Z,2025-11-24T13:44:39.093278,,Yes,Yes,Yes,1,https://github.com/miniapp-factory/tokenbuybackmonitor,https://tokenbuybackmonitor.miniapp-factory.marketplace.openxai.network,"Alert, Crypto, DeFi, Tracker, Trading"
159,tokencountdown,Tokencountdown,Active,4,Token Countdown Timer helps users track important upcoming events for their favorite tokens.,2025-11-21T10:57:01Z,2025-11-24T13:44:38.648344,,Yes,Yes,Yes,1,https://github.com/miniapp-factory/tokencountdown,https://tokencountdown.miniapp-factory.marketplace.openxai.network,Game
160,tokendormantsupplydetector,Tokendormantsupplydetector,Active,4,Token Dormant Supply Detector is a Mini App that tracks long-inactive token holdings across blockchain networks and identifies when dormant wallets...,2025-11-22T19:13:39Z,2025-11-24T13:44:49.202172,,Yes,Yes,Yes,1,https://github.com/miniapp-factory/tokendormantsupplydetector,https://tokendormantsupplydetector.miniapp-factory.marketplace.openxai.network,"Alert, Crypto, Portfolio, Tracker, Trading"
161,tokengovernancepowermonitor,Tokengovernancepowermonitor,Active,4,Token Governance Power Monitor is a Mini App that tracks the governance voting power of tokens across multiple DAOs and DeFi protocols.,2025-11-22T15:53:42Z,2025-11-24T13:44:49.256372,,Yes,Yes,Yes,1,https://github.com/miniapp-factory/tokengovernancepowermonitor,https://tokengovernancepowermonitor.miniapp-factory.marketplace.openxai.network,"Alert, Crypto, DeFi, Tracker"
162,tokenholderdistribution,Tokenholderdistribution,Active,4,Token Holder Distribution Analyzer provides insights into the ownership structure of any token.,2025-11-20T21:49:06Z,2025-11-24T13:44:50.217320,,Yes,Yes,Yes,1,https://github.com/miniapp-factory/tokenholderdistribution,https://tokenholderdistribution.miniapp-factory.marketplace.openxai.network,Game
163,tokeninflationtracker,Tokeninflationtracker,Active,4,"Token Inflation Tracker monitors inflation rates of cryptocurrencies in real-time, providing insights into token emissions, unlock schedules, and...",2025-11-21T06:52:17Z,2025-11-24T13:44:50.375506,,Yes,Yes,Yes,1,https://github.com/miniapp-factory/tokeninflationtracker,https://tokeninflationtracker.miniapp-factory.marketplace.openxai.network,"Alert, Crypto, DeFi, Tracker, Trading"
164,tokenlaunchmonitor,Tokenlaunchmonitor,Active,4,Token Launch Monitor is a Mini App that tracks upcoming and newly launched cryptocurrency tokens across multiple networks.,2025-11-20T19:32:42Z,2025-11-24T13:44:59.136746,,Yes,Yes,Yes,1,https://github.com/miniapp-factory/tokenlaunchmonitor,https://tokenlaunchmonitor.miniapp-factory.marketplace.openxai.network,"Alert, Crypto, Tracker"
165,tokenlockup,Tokenlockup,Active,4,Token Lockup Countdown helps crypto holders keep track of token lockup periods and unlock schedules.,2025-11-20T20:55:48Z,2025-11-24T13:44:59.332327,,Yes,Yes,Yes,1,https://github.com/miniapp-factory/tokenlockup,https://tokenlockup.miniapp-factory.marketplace.openxai.network,"Alert, Crypto, DeFi, Portfolio, Tracker"
166,tokenprice,Tokenprice,Active,4,Token Price Alert is a Mini App that provides real-time notifications for cryptocurrency price movements.,2025-11-20T17:46:10Z,2025-11-24T13:45:00.156161,,Yes,Yes,Yes,1,https://github.com/miniapp-factory/tokenprice,https://tokenprice.miniapp-factory.marketplace.openxai.network,"Alert, Crypto, Tracker, Trading"
167,tokenrefundactivitymonitor,Tokenrefundactivitymonitor,Active,4,"Token Refund Activity Monitor is a Mini App that tracks refund-related transactions across token sales, presales, and protocol reimbursement events.",2025-11-22T20:09:09Z,2025-11-24T13:45:00.388972,,Yes,Yes,Yes,1,https://github.com/miniapp-factory/tokenrefundactivitymonitor,https://tokenrefundactivitymonitor.miniapp-factory.marketplace.openxai.network,"Fitness, Game, Health, Social"
946,tokensniper,Tokensniper,Default,2,Scans newly created tokens on the Base network.,2025-11-20T16:03:07Z,2025-11-24T13:45:08.509539,,Yes,No,Yes,1,https://github.com/miniapp-factory/tokensniper,https://tokensniper.miniapp-factory.marketplace.openxai.network,"Game, Social"
137,tokenstats,Tokenstats,Active,5,"Displays token price, market cap, and 24h change.",2025-11-20T16:22:33Z,2025-11-24T13:45:09.492966,,Yes,Yes,Yes,1,https://github.com/miniapp-factory/tokenstats,https://tokenstats.miniapp-factory.marketplace.openxai.network,Game
168,tokensupplyshockdetector,Tokensupplyshockdetector,Active,4,"Token Supply Shock Detector is a Mini App that monitors large upcoming token emissions, unlocks, or burn events that may significantly impact token...",2025-11-22T16:53:29Z,2025-11-24T13:45:09.833548,,Yes,Yes,Yes,1,https://github.com/miniapp-factory/tokensupplyshockdetector,https://tokensupplyshockdetector.miniapp-factory.marketplace.openxai.network,"Alert, Crypto, Finance, Tracker, Trading"
169,tokenswap,Tokenswap,Active,4,Token Swap Optimizer helps crypto users find the most efficient swaps across multiple DEXs.,2025-11-20T21:18:42Z,2025-11-24T13:45:10.047535,,Yes,Yes,Yes,1,https://github.com/miniapp-factory/tokenswap,https://tokenswap.miniapp-factory.marketplace.openxai.network,Platformer
170,tokenswaphelper,Tokenswaphelper,Active,4,Token Swap Helper is a Mini App that simplifies cryptocurrency swaps across different networks.,2025-11-20T17:10:34Z,2025-11-24T13:45:18.516282,,Yes,Yes,Yes,1,https://github.com/miniapp-factory/tokenswaphelper,https://tokenswaphelper.miniapp-factory.marketplace.openxai.network,Game
171,tokenunlock,Tokenunlock,Active,4,"Analyze upcoming token unlock events and estimate their potential impact on price, market sentiment, and circulating supply.",2025-11-21T08:07:03Z,2025-11-24T13:45:19.856808,,Yes,Yes,Yes,1,https://github.com/miniapp-factory/tokenunlock,https://tokenunlock.miniapp-factory.marketplace.openxai.network,"Alert, Crypto, Trading"
172,tokenvelocitytracker,Tokenvelocitytracker,Active,4,"Token Velocity Tracker is a Mini App that measures how quickly a token moves between wallets, exchanges, and smart contracts.",2025-11-22T20:33:46Z,2025-11-24T13:45:19.242265,,Yes,Yes,Yes,1,https://github.com/miniapp-factory/tokenvelocitytracker,https://tokenvelocitytracker.miniapp-factory.marketplace.openxai.network,"Finance, Game, Tracker"
173,tokenvesting,Tokenvesting,Active,4,"Track token vesting schedules in real time, stay informed about upcoming unlocks, release dates, amounts, and potential impact on circulating...",2025-11-21T09:00:26Z,2025-11-24T13:45:20.060524,,Yes,Yes,Yes,1,https://github.com/miniapp-factory/tokenvesting,https://tokenvesting.miniapp-factory.marketplace.openxai.network,Game
174,tokenvestingmonitor,Tokenvestingmonitor,Active,4,Token Vesting Monitor is a Mini App that tracks token unlock schedules across various crypto projects.,2025-11-20T18:54:23Z,2025-11-24T13:45:28.728712,,Yes,Yes,Yes,1,https://github.com/miniapp-factory/tokenvestingmonitor,https://tokenvestingmonitor.miniapp-factory.marketplace.openxai.network,"Alert, Crypto, Tracker, Trading"
175,tokenwhalemap,Tokenwhalemap,Active,4,Token Whale Map is a Mini App that visualizes the distribution of large token holders across multiple blockchains.,2025-11-22T09:36:24Z,2025-11-24T13:45:29.553389,,Yes,Yes,Yes,1,https://github.com/miniapp-factory/tokenwhalemap,https://tokenwhalemap.miniapp-factory.marketplace.openxai.network,"Alert, Crypto, Portfolio, Tracker, Trading"
98,towerstacker,Towerstacker,Active,4,Chat with historical figures in a conversational interface.,2025-11-23T03:08:29Z,2025-11-24T17:13:16.323357,,Yes,Yes,Yes,1,https://github.com/miniapp-factory/towerstacker,https://towerstacker.miniapp-factory.marketplace.openxai.network,Chat
176,toyt,Toyt,Active,4,"ToyT is a mobile app that lets users exchange, sell, or donate children",2025-11-20T19:21:38Z,2025-11-24T13:45:29.796240,,Yes,Yes,Yes,1,https://github.com/miniapp-factory/toyt,https://toyt.miniapp-factory.marketplace.openxai.network,"AI Chat, Card Game, Education, Finance, Social"
956,trackit,Trackit,Default,1,An AI-powered tool that helps with mini app factory app.,2025-11-20T15:18:51Z,2025-11-24T13:45:29.468377,,Yes,No,No,0,https://github.com/miniapp-factory/trackit,https://trackit.miniapp-factory.marketplace.openxai.network,AI
,trader-assistant,Trader Assistant,Pending,,,,,,,,,,https://github.com/miniapp-factory/trader-assistant,https://trader-assistant.miniapp-factory.marketplace.openxai.network,
177,tradingjournalanalytics,Tradingjournalanalytics,Active,4,A personal trading journal with automatic calculations and performance analytics.,2025-11-20T16:39:40Z,2025-11-24T13:45:39.433008,,Yes,Yes,Yes,1,https://github.com/miniapp-factory/tradingjournalanalytics,https://tradingjournalanalytics.miniapp-factory.marketplace.openxai.network,"Finance, Game"
138,travelai,Travelai,Active,5,Discover hidden spots in your city.,2025-11-20T16:41:33Z,2025-11-24T13:45:38.922007,,Yes,Yes,Yes,1,https://github.com/miniapp-factory/travelai,https://travelai.miniapp-factory.marketplace.openxai.network,Utility
178,traveltipsai,Traveltipsai,Active,4,Discover random travel tips for your next adventure.,2025-11-22T15:07:07Z,2025-11-24T13:45:39.325884,,Yes,Yes,Yes,1,https://github.com/miniapp-factory/traveltipsai,https://traveltipsai.miniapp-factory.marketplace.openxai.network,Utility
139,travelweek,Travelweek,Active,5,Plan your 7-day trip with our interactive travel planner.,2025-11-22T15:20:20Z,2025-11-24T13:45:39.757017,,Yes,Yes,Yes,1,https://github.com/miniapp-factory/travelweek,https://travelweek.miniapp-factory.marketplace.openxai.network,Utility
957,treasure-quest-runner,Treasure Quest Runner,Default,1,An AI-powered tool that helps with mini app factory app.,2025-11-22T08:19:13Z,2025-11-24T13:45:48.706114,,Yes,No,No,0,https://github.com/miniapp-factory/treasure-quest-runner,https://treasure-quest-runner.miniapp-factory.marketplace.openxai.network,AI
124,trendcast-vibes,Trendcast Vibes,Active,6,Show the top 3 Farcaster trends with neon flair and auto‑cast recommendations.,2025-11-20T15:30:04Z,2025-11-24T13:45:49.012802,,Yes,Yes,Yes,2,https://github.com/miniapp-factory/trendcast-vibes,https://trendcast-vibes.miniapp-factory.marketplace.openxai.network,Generator
179,trending-creators,Trending Creators,Active,4,"A fast, mobile‑first friend.tech inspired app with mock bonding curves, real‑time chat, and addictive UX.",2025-11-21T02:42:03Z,2025-11-24T13:45:49.596670,,Yes,Yes,Yes,1,https://github.com/miniapp-factory/trending-creators,https://trending-creators.miniapp-factory.marketplace.openxai.network,"AI Chat, Game, Social"
180,trendingnfts,Trendingnfts,Active,4,Show top trending NFTs today with brief info.,2025-11-20T16:05:48Z,2025-11-24T13:45:50.572498,,Yes,Yes,Yes,1,https://github.com/miniapp-factory/trendingnfts,https://trendingnfts.miniapp-factory.marketplace.openxai.network,Crypto
181,trendpulse,Trendpulse,Active,4,A lightweight web app that shows the trend (bullish / bearish / sideways) for selected coins based on simple indicators.,2025-11-20T18:52:23Z,2025-11-24T13:45:58.867979,,Yes,Yes,Yes,1,https://github.com/miniapp-factory/trendpulse,https://trendpulse.miniapp-factory.marketplace.openxai.network,Utility
246,trendy,Trendy,Active,3,Trendy is a simple Web3-powered social mini app built on Base Network.,2025-11-20T19:51:38Z,2025-11-24T13:45:59.791088,,Yes,Yes,Yes,1,https://github.com/miniapp-factory/trendy,https://trendy.miniapp-factory.marketplace.openxai.network,"Game, Social"
182,triks,Triks,Active,4,"A fast, secure, and user‑friendly platform for gamers to list, browse, and trade in‑game loot across multiple titles.",2025-11-20T19:16:25Z,2025-11-24T13:45:59.385533,,Yes,Yes,Yes,1,https://github.com/miniapp-factory/triks,https://triks.miniapp-factory.marketplace.openxai.network,"AI Chat, Card Game, Finance, Social"
,triviang-pinoy,Triviang Pinoy,Pending,,,,,,,,,,https://github.com/miniapp-factory/triviang-pinoy,https://triviang-pinoy.miniapp-factory.marketplace.openxai.network,
183,triviaquizmini,Triviaquizmini,Active,4,Answer trivia questions and test your knowledge.,2025-11-22T08:43:11Z,2025-11-24T13:46:00.071478,,Yes,Yes,Yes,1,https://github.com/miniapp-factory/triviaquizmini,https://triviaquizmini.miniapp-factory.marketplace.openxai.network,Other
184,trubiks,Trubiks,Active,4,"Symptom Diagnosis Chatbot. After providing symptoms, the bot searches for the most likely causes and injuries.",2025-11-20T15:27:24Z,2025-11-24T13:46:08.836137,,Yes,Yes,Yes,1,https://github.com/miniapp-factory/trubiks,https://trubiks.miniapp-factory.marketplace.openxai.network,"AI, Chat"
185,try,Try,Active,4,Find out which animal you are most similar to by answering a fun quiz!,2025-11-20T20:25:55Z,2025-11-24T13:46:09.782867,,Yes,Yes,Yes,1,https://github.com/miniapp-factory/try,https://try.miniapp-factory.marketplace.openxai.network,"Education, Quiz, Social"
186,tt,Tt,Active,4,Play the classic 2048 game in a mini app.,2025-11-23T00:20:09Z,2025-11-24T13:46:10.184587,,Yes,Yes,Yes,1,https://github.com/miniapp-factory/tt,https://tt.miniapp-factory.marketplace.openxai.network,"Puzzle, Social"
187,ttrade,Ttrade,Active,4,"A mobile and web app that lets users exchange, sell, or donate old furniture, promoting sustainability and community reuse.",2025-11-20T19:23:09Z,2025-11-24T13:46:10.847111,,Yes,Yes,Yes,1,https://github.com/miniapp-factory/ttrade,https://ttrade.miniapp-factory.marketplace.openxai.network,"AI Chat, Platformer, Social"
,tutor-game-master,Tutor Game Master,Pending,,,,,,,,,,https://github.com/miniapp-factory/tutor-game-master,https://tutor-game-master.miniapp-factory.marketplace.openxai.network,
120,tweet-tracker,Tweet Tracker,Active,7,Track token price changes from tweet time to various intervals.,2025-11-20T15:16:28Z,2025-11-24T13:46:19.498503,,Yes,Yes,Yes,2,https://github.com/miniapp-factory/tweet-tracker,https://tweet-tracker.miniapp-factory.marketplace.openxai.network,"Game, Social, Tracker"
,typhoon-preparedness-app,Typhoon Preparedness App,Inactive,0,Typhoon Preparedness App mini app on Mini App Factory,2025-11-26T13:16:21.732160,2025-11-26T13:38:44.562365,,Yes,Yes,No,0,https://github.com/miniapp-factory/typhoon-preparedness-app,https://typhoon-preparedness-app.miniapp-factory.marketplace.openxai.network,Inactive
,typing-race,Typing Race,Pending,,,,,,,,,,https://github.com/miniapp-factory/typing-race,https://typing-race.miniapp-factory.marketplace.openxai.network,
140,typingrush,Typingrush,Active,5,A simple typing timer that challenges you to type a word before the timer ends.,2025-11-22T08:44:01Z,2025-11-24T13:46:19.817946,,Yes,Yes,Yes,1,https://github.com/miniapp-factory/typingrush,https://typingrush.miniapp-factory.marketplace.openxai.network,Utility
188,tyy,Tyy,Active,4,An app that reverses sentences or words entered by the user.,2025-11-21T16:50:40Z,2025-11-24T13:46:20.268436,,Yes,Yes,Yes,1,https://github.com/miniapp-factory/tyy,https://tyy.miniapp-factory.marketplace.openxai.network,Utility
958,ukyf,Ukyf,Default,1,An AI-powered tool that helps with mini app factory app.,2025-11-20T17:38:39Z,2025-11-24T13:46:21.192795,,Yes,No,No,0,https://github.com/miniapp-factory/ukyf,https://ukyf.miniapp-factory.marketplace.openxai.network,AI
99,ulra,Ulra,Active,4,Play the classic 2048 game in a mini app.,2025-11-23T03:58:02Z,2025-11-24T17:13:16.323357,,Yes,Yes,Yes,1,https://github.com/miniapp-factory/ulra,https://ulra.miniapp-factory.marketplace.openxai.network,"Puzzle, Social"
141,ultra-mini-golf,Ultra Mini Golf,Active,5,Play a procedurally generated 2D mini-golf platformer against AI bots on Farcaster!,2025-11-22T14:57:14Z,2025-11-24T13:46:29.731026,,Yes,Yes,Yes,2,https://github.com/miniapp-factory/ultra-mini-golf,https://ultra-mini-golf.miniapp-factory.marketplace.openxai.network,"Education, Platformer, Social"
947,umini,Umini,Default,2,"Allows someone to find out which animal (cat, dog, fox, hamster, horse) they are most similar to by answering 5 multiple.",2025-11-20T18:37:50Z,2025-11-24T13:46:29.479126,,Yes,No,Yes,1,https://github.com/miniapp-factory/umini,https://umini.miniapp-factory.marketplace.openxai.network,"Education, Quiz, Social"
189,unique,Unique,Active,4,Build and track habits with AI-powered insights.,2025-11-20T18:39:04Z,2025-11-24T13:46:31.128192,,Yes,Yes,Yes,1,https://github.com/miniapp-factory/unique,https://unique.miniapp-factory.marketplace.openxai.network,"AI, AI Generator"
190,uniqueapp,Uniqueapp,Active,4,A quick app that helps you finish small daily tasks efficiently.,2025-11-20T18:40:33Z,2025-11-24T13:46:30.995143,,Yes,Yes,Yes,1,https://github.com/miniapp-factory/uniqueapp,https://uniqueapp.miniapp-factory.marketplace.openxai.network,Utility
191,unitown,Unitown,Active,4,Spin the slot machine and win fruit prizes!,2025-11-20T16:07:06Z,2025-11-24T13:46:40.146760,,Yes,Yes,Yes,1,https://github.com/miniapp-factory/unitown,https://unitown.miniapp-factory.marketplace.openxai.network,"Casino, Social"
142,unknown-invaders,Unknown Invaders,Active,5,A simple 2D snake game for mobile devices.,2025-11-20T14:56:34Z,2025-11-24T13:46:40.422140,,Yes,Yes,Yes,1,https://github.com/miniapp-factory/unknown-invaders,https://unknown-invaders.miniapp-factory.marketplace.openxai.network,Classic
192,unlockwatch,Unlockwatch,Active,4,Track token vesting schedules and avoid sudden dumps.,2025-11-20T19:23:28Z,2025-11-24T13:46:41.512638,,Yes,Yes,Yes,1,https://github.com/miniapp-factory/unlockwatch,https://unlockwatch.miniapp-factory.marketplace.openxai.network,"Finance, Game"
,unusual-tower-de,Unusual Tower De,Pending,,,,,,,,,,https://github.com/miniapp-factory/unusual-tower-de,https://unusual-tower-de.miniapp-factory.marketplace.openxai.network,
948,usserdropee,Usserdropee,Default,2,An AI-powered tool that helps with mini app factory app.,2025-11-20T20:48:47Z,2025-11-24T13:46:40.515189,,Yes,No,Yes,1,https://github.com/miniapp-factory/usserdropee,https://usserdropee.miniapp-factory.marketplace.openxai.network,"AI, Crypto"
193,ux,Ux,Active,4,Play the fruit slot machine and share your wins!,2025-11-20T18:20:27Z,2025-11-24T13:46:44.982885,,Yes,Yes,Yes,1,https://github.com/miniapp-factory/ux,https://ux.miniapp-factory.marketplace.openxai.network,"Casino, Social"
194,uxgethh,Uxgethh,Active,4,Play the fruit slot machine and share your wins!,2025-11-20T16:14:19Z,2025-11-24T13:46:44.559474,,Yes,Yes,Yes,1,https://github.com/miniapp-factory/uxgethh,https://uxgethh.miniapp-factory.marketplace.openxai.network,"Casino, Social"
195,validator-slashing-watch,Validator Slashing Watch,Active,4,Validator Slashing Watch is a Mini App that monitors staking validators across multiple blockchain networks to detect slashing risks and incidents...,2025-11-22T12:49:22Z,2025-11-24T13:46:45.195832,,Yes,Yes,Yes,1,https://github.com/miniapp-factory/validator-slashing-watch,https://validator-slashing-watch.miniapp-factory.marketplace.openxai.network,"Alert, Crypto, DeFi, Fitness, Health, Tracker"
121,vas1825,Vas1825,Active,7,Play the classic 2048 game in a mini app.,2025-11-20T16:34:49Z,2025-11-24T13:46:45.076058,,Yes,Yes,Yes,1,https://github.com/miniapp-factory/vas1825,https://vas1825.miniapp-factory.marketplace.openxai.network,"Puzzle, Social"
196,veic,Veic,Active,4,Find out which animal you are most like!,2025-11-20T19:02:52Z,2025-11-24T13:46:45.705534,,Yes,Yes,Yes,1,https://github.com/miniapp-factory/veic,https://veic.miniapp-factory.marketplace.openxai.network,"Education, Quiz, Social"
197,veliht,Veliht,Active,4,A simple app that displays a random quote from a predefined list.,2025-11-21T17:02:03Z,2025-11-24T13:53:58.754241,,Yes,Yes,Yes,1,https://github.com/miniapp-factory/veliht,https://veliht.miniapp-factory.marketplace.openxai.network,Game
,velocity-core,Velocity Core,Pending,,,,,,,,,,https://github.com/miniapp-factory/velocity-core,https://velocity-core.miniapp-factory.marketplace.openxai.network,
,verifolio,Verifolio,Inactive,0,Verifolio mini app on Mini App Factory,2025-11-26T13:16:21.732200,2025-11-26T13:38:44.562365,,Yes,Yes,No,0,https://github.com/miniapp-factory/verifolio,https://verifolio.miniapp-factory.marketplace.openxai.network,Inactive
198,verion1,Verion1,Active,4,A simple Python script that validates email addresses based on basic formatting rules.,2025-11-21T16:27:38Z,2025-11-24T13:46:54.651632,,Yes,Yes,Yes,1,https://github.com/miniapp-factory/verion1,https://verion1.miniapp-factory.marketplace.openxai.network,Other
199,versus,Versus,Active,4,Calculate your Body Mass Index (BMI) with ease.,2025-11-21T15:52:04Z,2025-11-24T13:46:46.241265,,Yes,Yes,Yes,1,https://github.com/miniapp-factory/versus,https://versus.miniapp-factory.marketplace.openxai.network,Utility
200,verty,Verty,Active,4,"Play Rock‑Paper‑Scissors against the computer in a fun, interactive web app.",2025-11-21T16:03:36Z,2025-11-24T13:46:54.619076,,Yes,Yes,Yes,1,https://github.com/miniapp-factory/verty,https://verty.miniapp-factory.marketplace.openxai.network,Game
201,vfx,Vfx,Active,4,Spin the slot machine and win fruit prizes!,2025-11-20T18:44:36Z,2025-11-24T13:46:54.884651,,Yes,Yes,Yes,1,https://github.com/miniapp-factory/vfx,https://vfx.miniapp-factory.marketplace.openxai.network,"Casino, Social"
,vibeboard,Vibeboard,Pending,,,,,,,,,,https://github.com/miniapp-factory/vibeboard,https://vibeboard.miniapp-factory.marketplace.openxai.network,
202,videx,Videx,Active,4,"A lightweight video-sharing app that lets users upload, watch, like, and share short videos.",2025-11-20T18:59:56Z,2025-11-24T13:46:55.313702,,Yes,Yes,Yes,1,https://github.com/miniapp-factory/videx,https://videx.miniapp-factory.marketplace.openxai.network,"Game, Social"
203,vinetr,Vinetr,Active,4,"Vinetr is a lightweight mobile app for creating, uploading, and sharing short looping videos (“vines”).",2025-11-20T19:08:03Z,2025-11-24T13:47:03.643668,,Yes,Yes,Yes,1,https://github.com/miniapp-factory/vinetr,https://vinetr.miniapp-factory.marketplace.openxai.network,"AI, Platformer, Social"
116,vioo,Vioo,Active,8,A simple app that reads a text file and displays its contents.,2025-11-21T17:02:39Z,2025-11-24T13:47:03.530434,,Yes,Yes,Yes,2,https://github.com/miniapp-factory/vioo,https://vioo.miniapp-factory.marketplace.openxai.network,Game
143,vocabmatcher,Vocabmatcher,Active,5,Match words to their definitions in an interactive way.,2025-11-22T08:39:09Z,2025-11-24T13:47:04.080941,,Yes,Yes,Yes,1,https://github.com/miniapp-factory/vocabmatcher,https://vocabmatcher.miniapp-factory.marketplace.openxai.network,"Crypto, DeFi"
204,voice-pinter,Voice Pinter,Active,4,"Search Pinterest using voice commands to discover pins, boards, and ideas instantly.",2025-11-20T18:52:35Z,2025-11-24T13:47:04.443715,,Yes,Yes,Yes,1,https://github.com/miniapp-factory/voice-pinter,https://voice-pinter.miniapp-factory.marketplace.openxai.network,"Game, Social"
205,voice123,Voice123,Active,4,Explore surreal photo portals with dynamic morphing and AI-driven transformations.,2025-11-20T21:58:02Z,2025-11-24T13:47:12.050834,,Yes,Yes,Yes,1,https://github.com/miniapp-factory/voice123,https://voice123.miniapp-factory.marketplace.openxai.network,"Alert, Crypto, Social"
206,volatilityradar,Volatilityradar,Active,4,Track realized volatility and ATR to gauge market regimes and trigger alerts.,2025-11-20T19:08:36Z,2025-11-24T13:47:12.353265,,Yes,Yes,Yes,1,https://github.com/miniapp-factory/volatilityradar,https://volatilityradar.miniapp-factory.marketplace.openxai.network,Card Game
103,votemovies,Votemovies,Active,17,Compare IMDb rankings with user votes for the top 100 movies.,2025-11-20T21:21:51Z,2025-11-24T13:47:13.667964,,Yes,Yes,Yes,7,https://github.com/miniapp-factory/votemovies,https://votemovies.miniapp-factory.marketplace.openxai.network,Game
207,vvivaldi,Vvivaldi,Active,4,A simple Python program that plays a sound at a user‑specified time.,2025-11-21T15:35:06Z,2025-11-24T13:47:13.402616,,Yes,Yes,Yes,1,https://github.com/miniapp-factory/vvivaldi,https://vvivaldi.miniapp-factory.marketplace.openxai.network,Game
,wallet-tracker,Wallet Tracker,Pending,,,,,,,,,,https://github.com/miniapp-factory/wallet-tracker,https://wallet-tracker.miniapp-factory.marketplace.openxai.network,
104,walletscan,Walletscan,Active,15,"Analyze your Base chain wallet activity, performance, and risk.",2025-11-21T11:26:57Z,2025-11-24T13:47:20.508668,,Yes,Yes,Yes,3,https://github.com/miniapp-factory/walletscan,https://walletscan.miniapp-factory.marketplace.openxai.network,"Card Game, Finance, Social, Tracker"
208,watchlist-priority-sorter,Watchlist Priority Sorter,Active,4,Create a simple app where users can add tokens to a watchlist and assign each token a priority level.,2025-11-22T09:00:48Z,2025-11-24T13:47:21.756173,,Yes,Yes,Yes,1,https://github.com/miniapp-factory/watchlist-priority-sorter,https://watchlist-priority-sorter.miniapp-factory.marketplace.openxai.network,Game
,web3,Web3,Pending,,,,,,,,,,https://github.com/miniapp-factory/web3,https://web3.miniapp-factory.marketplace.openxai.network,
209,web3news,Web3News,Active,4,"ChainBrief summarizes the latest Web3 topics using AI, delivering short digest‑style updates on blockchain, DeFi, AI, and crypto trends.",2025-11-20T15:03:27Z,2025-11-24T13:47:22.650373,,Yes,Yes,Yes,1,https://github.com/miniapp-factory/web3news,https://web3news.miniapp-factory.marketplace.openxai.network,"Crypto, DeFi"
122,website,Website,Active,7,Play the classic 2048 game in a mini app.,2025-11-20T19:01:21Z,2025-11-24T13:47:22.221002,,Yes,Yes,Yes,1,https://github.com/miniapp-factory/website,https://website.miniapp-factory.marketplace.openxai.network,"Puzzle, Social"
100,webuy,Webuy,Active,4,An app that provides real‑time bullish buy signals for cryptocurrencies.,2025-11-23T03:39:46Z,2025-11-24T17:13:16.323357,,Yes,Yes,Yes,1,https://github.com/miniapp-factory/webuy,https://webuy.miniapp-factory.marketplace.openxai.network,Crypto
911,wednesday-addams-quiz,Wednesday Addams Quiz,Default,2,"ROLE & GOAL
You are an expert web app and quiz creator.",2025-11-24T03:58:01Z,2025-11-24T17:13:16.323357,,Yes,Yes,Yes,1,https://github.com/miniapp-factory/wednesday-addams-quiz,https://wednesday-addams-quiz.miniapp-factory.marketplace.openxai.network,"Education, Quiz, Social"
210,whackamole,Whackamole,Active,4,A fun game where moles pop up randomly and disappear. Tap them before they vanish!,2025-11-22T02:25:55Z,2025-11-24T13:47:29.204065,,Yes,Yes,Yes,1,https://github.com/miniapp-factory/whackamole,https://whackamole.miniapp-factory.marketplace.openxai.network,Game
211,whalealert,Whalealert,Active,4,Whale Alert is a Mini App that tracks large cryptocurrency transactions and whale movements across major blockchains.,2025-11-20T19:16:07Z,2025-11-24T13:47:30.466660,,Yes,Yes,Yes,1,https://github.com/miniapp-factory/whalealert,https://whalealert.miniapp-factory.marketplace.openxai.network,"Alert, Crypto, Portfolio, Tracker, Trading"
212,whalemovementtracker,Whalemovementtracker,Active,4,Whale Movement Tracker monitors large cryptocurrency wallets in real-time to detect significant transactions and market movements.,2025-11-20T21:22:18Z,2025-11-24T13:47:30.338439,,Yes,Yes,Yes,1,https://github.com/miniapp-factory/whalemovementtracker,https://whalemovementtracker.miniapp-factory.marketplace.openxai.network,"Game, Tracker"
213,when-tge,When Tge,Active,4,A comprehensive checklist to help crypto projects determine the optimal time for their Token Generation Event (TGE) with over 80% success rate.,2025-11-21T08:49:08Z,2025-11-24T13:47:32.259412,,Yes,Yes,Yes,1,https://github.com/miniapp-factory/when-tge,https://when-tge.miniapp-factory.marketplace.openxai.network,Crypto
949,williamrgz,Williamrgz,Default,2,"Allows someone to find out which animal (cat, dog, fox, hamster, horse) they are most similar to by answering 5 multiple.",2025-11-21T03:59:27Z,2025-11-24T13:47:37.576307,,Yes,No,Yes,1,https://github.com/miniapp-factory/williamrgz,https://williamrgz.miniapp-factory.marketplace.openxai.network,"Education, Quiz, Social"
,win,Win,Pending,,,,,,,,,,https://github.com/miniapp-factory/win,https://win.miniapp-factory.marketplace.openxai.network,
144,windylam,Windylam,Active,5,Find out which animal you are most similar to with our fun quiz!,2025-11-21T11:50:54Z,2025-11-24T13:47:38.717614,,Yes,Yes,Yes,1,https://github.com/miniapp-factory/windylam,https://windylam.miniapp-factory.marketplace.openxai.network,"Education, Quiz, Social"
214,wisdomai,Wisdomai,Active,4,A single sentence wise life lesson:,2025-11-22T15:47:41Z,2025-11-24T13:47:39.005124,,Yes,Yes,Yes,1,https://github.com/miniapp-factory/wisdomai,https://wisdomai.miniapp-factory.marketplace.openxai.network,Education
,wishpool,Wishpool,Pending,,,,,,,,,,https://github.com/miniapp-factory/wishpool,https://wishpool.miniapp-factory.marketplace.openxai.network,
,wizard-house-quiz,Wizard House Quiz,Inactive,0,Wizard House Quiz mini app on Mini App Factory,2025-11-26T13:16:21.732247,2025-11-26T13:38:44.562365,,Yes,Yes,No,0,https://github.com/miniapp-factory/wizard-house-quiz,https://wizard-house-quiz.miniapp-factory.marketplace.openxai.network,Inactive
109,wizards-tower,Wizards Tower,Active,10,Spin the slots and win with fruit icons!,2025-11-23T01:04:38Z,2025-11-24T13:47:40.800574,,Yes,Yes,Yes,5,https://github.com/miniapp-factory/wizards-tower,https://wizards-tower.miniapp-factory.marketplace.openxai.network,"Casino, Social"
943,wlguide,Wlguide,Default,2,"2048 is played on a plain 4×4 grid, with square numbered tiles that can be moved using the four onscreen arrow buttons.",2025-11-21T03:59:11Z,2025-11-24T13:47:46.124241,,Yes,Yes,Yes,1,https://github.com/miniapp-factory/wlguide,https://wlguide.miniapp-factory.marketplace.openxai.network,"Puzzle, Social"
950,wonderland,Wonderland,Default,1,An AI-powered tool that helps with mini app factory app.,2025-11-20T22:19:19Z,2025-11-24T13:47:47.851085,,Yes,Yes,No,0,https://github.com/miniapp-factory/wonderland,https://wonderland.miniapp-factory.marketplace.openxai.network,AI
,word-bomb,Word Bomb,Pending,,,,,,,,,,https://github.com/miniapp-factory/word-bomb,https://word-bomb.miniapp-factory.marketplace.openxai.network,
215,wordbuildermini,Wordbuildermini,Active,4,Build words from letters using the Mini App Factory.,2025-11-22T08:42:19Z,2025-11-24T13:47:48.275312,,Yes,Yes,Yes,1,https://github.com/miniapp-factory/wordbuildermini,https://wordbuildermini.miniapp-factory.marketplace.openxai.network,Generator
216,wordladdermini,Wordladdermini,Active,4,An app that transforms words step-by-step.,2025-11-22T08:43:19Z,2025-11-24T13:47:50.112115,,Yes,Yes,Yes,1,https://github.com/miniapp-factory/wordladdermini,https://wordladdermini.miniapp-factory.marketplace.openxai.network,Other
217,wordoftheday,Wordoftheday,Active,4,"Discover a new English word, its meaning, and an example sentence every day.",2025-11-22T15:36:00Z,2025-11-24T13:47:54.529285,,Yes,Yes,Yes,1,https://github.com/miniapp-factory/wordoftheday,https://wordoftheday.miniapp-factory.marketplace.openxai.network,Utility
218,write,Write,Active,4,Tokenize and sell articles linked to wallet addresses.,2025-11-21T00:07:34Z,2025-11-24T13:47:57.309809,,Yes,Yes,Yes,1,https://github.com/miniapp-factory/write,https://write.miniapp-factory.marketplace.openxai.network,Game
41,wtf-you-ross,Wtf You Ross,Active,7,"An app that automatically saves your gameplay while you are playing online games, ensuring smooth gameplay and reducing lag for a stable connection.",2025-11-23T03:27:31Z,2025-11-24T17:13:16.323357,,Yes,Yes,Yes,2,https://github.com/miniapp-factory/wtf-you-ross,https://wtf-you-ross.miniapp-factory.marketplace.openxai.network,Game
944,www663,Www663,Default,2,"2048 is played on a plain 4×4 grid, with square numbered tiles that can be moved using the four onscreen arrow buttons.",2025-11-20T19:15:48Z,2025-11-24T13:47:56.993424,,Yes,Yes,Yes,1,https://github.com/miniapp-factory/www663,https://www663.miniapp-factory.marketplace.openxai.network,"Puzzle, Social"
101,x-score,X Score,Active,4,"A minimal tool to analyze average likes and views per tweet for a Twitter/X profile over 7, 30, and 90 day windows.",2025-11-23T08:10:04Z,2025-11-24T17:13:16.323357,,Yes,Yes,Yes,1,https://github.com/miniapp-factory/x-score,https://x-score.miniapp-factory.marketplace.openxai.network,"Card Game, Social"
219,xbt,Xbt,Active,4,Spin and win with our fruit slot machine app!,2025-11-21T07:25:20Z,2025-11-24T13:47:58.560624,,Yes,Yes,Yes,1,https://github.com/miniapp-factory/xbt,https://xbt.miniapp-factory.marketplace.openxai.network,"Casino, Social"
220,xerty,Xerty,Active,4,A simple contacts manager built with Mini App Factory.,2025-11-21T16:40:04Z,2025-11-24T13:48:03.642329,,Yes,Yes,Yes,1,https://github.com/miniapp-factory/xerty,https://xerty.miniapp-factory.marketplace.openxai.network,Utility
221,xnxx,Xnxx,Active,4,"Xnxx is a light adult‑flirty simulation game where players build chemistry through playful dialogue choices, story encounters, and fun social...",2025-11-21T05:09:08Z,2025-11-24T13:48:06.283955,,Yes,Yes,Yes,1,https://github.com/miniapp-factory/xnxx,https://xnxx.miniapp-factory.marketplace.openxai.network,Game
8,xos,Xos,Active,13,Discover your zodiac sign with our fun quiz!,2025-11-24T05:04:30Z,2025-11-24T13:56:57.547145,,Yes,Yes,Yes,5,https://github.com/miniapp-factory/xos,https://xos.miniapp-factory.marketplace.openxai.network,"Education, Quiz, Social"
222,xoxo,Xoxo,Active,4,Play the classic 2048 game in the Mini App Factory!,2025-11-20T18:02:43Z,2025-11-24T13:48:05.757469,,Yes,Yes,Yes,1,https://github.com/miniapp-factory/xoxo,https://xoxo.miniapp-factory.marketplace.openxai.network,"Puzzle, Social"
125,xt,Xt,Active,6,Find out which animal you are most similar to with our fun quiz!,2025-11-20T15:20:52Z,2025-11-24T13:48:07.268959,,Yes,Yes,Yes,2,https://github.com/miniapp-factory/xt,https://xt.miniapp-factory.marketplace.openxai.network,"Education, Quiz, Social"
33,yapper,Yapper,Active,4,Yaps and write about the top Crypto twitter project in the web3 space,2025-11-23T18:29:41Z,2025-11-24T16:32:08.439488,,Yes,Yes,Yes,1,https://github.com/miniapp-factory/yapper,https://yapper.miniapp-factory.marketplace.openxai.network,Crypto
223,yieldoptimizer,Yieldoptimizer,Active,4,"Description:
Yield Optimizer is a Mini App that helps users maximize their returns across DeFi platforms.",2025-11-20T18:11:58Z,2025-11-24T13:48:12.003268,,Yes,Yes,Yes,1,https://github.com/miniapp-factory/yieldoptimizer,https://yieldoptimizer.miniapp-factory.marketplace.openxai.network,"Alert, Crypto, DeFi, Portfolio"
942,young,Young,Default,1,An AI-powered tool that helps with mini app factory app.,2025-11-23T06:02:18Z,2025-11-24T17:13:16.323357,,Yes,Yes,No,0,https://github.com/miniapp-factory/young,https://young.miniapp-factory.marketplace.openxai.network,AI
,your-limitless,Your Limitless,Pending,,,,,,,,,,https://github.com/miniapp-factory/your-limitless,https://your-limitless.miniapp-factory.marketplace.openxai.network,
224,zeanlo,Zeanlo,Active,4,An app showcasing hyper-realistic cinematic concept art for a next-gen AAA video game.,2025-11-21T08:45:19Z,2025-11-24T13:48:14.909204,,Yes,Yes,Yes,1,https://github.com/miniapp-factory/zeanlo,https://zeanlo.miniapp-factory.marketplace.openxai.network,Game
126,zec,Zec,Active,6,Play the classic 2048 game in the Mini App Factory!,2025-11-20T18:04:20Z,2025-11-24T13:48:14.788014,,Yes,Yes,Yes,1,https://github.com/miniapp-factory/zec,https://zec.miniapp-factory.marketplace.openxai.network,"Puzzle, Social"
945,zeri,Zeri,Default,2,Write a program that displays a menu with several options and performs different actions depending on the user’s choice.,2025-11-21T16:37:24Z,2025-11-24T13:48:16.218911,,Yes,Yes,Yes,1,https://github.com/miniapp-factory/zeri,https://zeri.miniapp-factory.marketplace.openxai.network,Game
225,zero,Zero,Active,4,An app that demonstrates how to make a live cup.,2025-11-22T02:34:34Z,2025-11-24T13:48:21.206342,,Yes,Yes,Yes,1,https://github.com/miniapp-factory/zero,https://zero.miniapp-factory.marketplace.openxai.network,Utility
226,zerty,Zerty,Active,4,"A simple unit conversion tool for meters, kilograms, and more.",2025-11-21T16:48:05Z,2025-11-24T13:48:24.269324,,Yes,Yes,Yes,1,https://github.com/miniapp-factory/zerty,https://zerty.miniapp-factory.marketplace.openxai.network,Utility
951,zeuqram,Zeuqram,Default,1,An AI-powered tool that helps with mini app factory app.,2025-11-21T01:14:36Z,2025-11-24T13:48:24.299297,,Yes,Yes,No,0,https://github.com/miniapp-factory/zeuqram,https://zeuqram.miniapp-factory.marketplace.openxai.network,AI
227,zoo,Zoo,Active,4,"ZooMate is a mobile and web application designed for zoos to improve visitor experience, animal care management, and staff coordination.",2025-11-20T19:33:05Z,2025-11-24T13:48:25.088773,,Yes,Yes,Yes,1,https://github.com/miniapp-factory/zoo,https://zoo.miniapp-factory.marketplace.openxai.network,"AI Chat, Education, Fitness, Health, Language Learning, Social"
